location_hint,amountPesos,project_candidates,project_examples
"Laoag City, Ilocos Norte",5000000,8,"Construction of Brgy. 36 Araniw FMR, Laoag City, Ilocos Norte | Construction of Brgy. 49-B Raraburan FMR, Laoag City, Ilocos Norte | Construction of Brgy. 51-A Nangalisan East FMR, Laoag City, Ilocos Norte | Construction of Brgy. 56-A Bacsil North FMR, Laoag City, Ilocos Norte | Construction of Brgy. 60-A Caaoacan FMR, Laoag City, Ilocos Norte | Construction of Brgy. 62-B Navotas South FMR, Laoag City, Ilocos Norte | Construction of Brgy. Cabungaan A FMR, Laoag City, Ilocos Norte | Construction of Brgy. Cabungaan B FMR, Laoag City, Ilocos Norte"
"Laoag City, Ilocos Norte",10000000,7,"Construction of Brgy. 1 San Lorenzo FMR, Laoag City, Ilocos Norte | Construction of Brgy. 25 Santa Cayetana FMR, Laoag City, Ilocos Norte | Construction of Brgy. 27 FMR, Laoag City, Ilocos Norte | Construction of Brgy. 29 FMR, Laoag City, Ilocos Norte | Construction of Brgy. 40 Balatong FMR, Laoag City, Ilocos Norte | Construction of Brgy. 41 Balacad FMR, Laoag City, Ilocos Norte | Construction of Pamalian FMR, Brgy. Pila, Laoag City, Ilocos Norte"
"Tayabas City, Quezon",15000000,6,"Construction of Brgy. Dapdap FMR, Brgy. Dapdap, Tayabas City, Quezon | Construction of Brgy. Ilayang Ilasan FMR, Brgy. Ilayang Ilasan, Tayabas City, Quezon | Construction of Brgy. Kanlurang Katigan FMR, Brgy. Kanlurang Katigan, Tayabas City, Quezon | Construction of Brgy. Masin FMR, Brgy. Masin, Tayabas City, Quezon | Construction of Brgy. Silangan Katigan FMR, Brgy. Silangan Katigan, Tayabas City, Quezon | Construction of Ilayang Bukal FMR, Brgy. Ilayang Bukal, Tayabas City, Quezon"
"Ibaan, Batangas",15000000,5,"Concreting of Brgy. Talaibon FMR, Brgy. Talaibon, Ibaan, Batangas | Construction/Improvement of Brgy. Bago FMR, Brgy. Bago, Ibaan, Batangas | Construction/Improvement of Brgy. Bungahan FMR, Brgy. Bungahan, Ibaan, Batangas | Construction/Improvement of Brgy. Mabalor FMR, Brgy. Mabalor, Ibaan, Batangas | Construction/Improvement of Brgy. Tulay FMR, Brgy. Tulay, Ibaan, Batangas"
"Lobo, Batangas",30000000,4,"Construction of Brgy. Malabrigo FMR, Brgy. Malabrigo, Lobo, Batangas | Construction of Sitio Malabnig, Brgy. Balatbat FMR, Brgy. Balatbat, Lobo, Batangas | Opening and Concreting of Brgy. Nagtaluntong FMR at Sitio Hambuhang Aso, Brgy. Nagtaluntong, Lobo, Batangas | Opening and Concreting of Sitio Hambulong Aso, Brgy. Nagtaluntong FMR Phase 2, Brgy. Nagtaluntong, Lobo, Batangas"
"Laoag City, Ilocos Norte",20000000,4,"Construction of Brgy. 30-B Santa Maria FMR, Laoag City, Ilocos Norte | Construction of Brgy. 54-A Lagui-Sail FMR, Laoag City, Ilocos Norte | Construction of Brgy. 55-B Salet-Bulangon FMR, Laoag City, Ilocos Norte | Construction of Camangaan - Rioeng FMR, Laoag City, Ilocos Norte"
"Passi City, Iloilo",20000000,4,"Construction of Brgy. Gegacjac FMR, Brgy. Gegacjac, Passi City, Iloilo | Construction of Brgy. Talongonan FMR, Passi City, Iloilo | Construction of Sitio Ocad, Brgy. Salngan FMR, Brgy. Salngan, Passi City, Iloilo | Construction of Sitio Proper, Brgy. Agtabo to Sitio Salngan Sur, Brgy. Salngan FMR, Brgy. Agtabo, Passi City, Iloilo"
"Lobo, Batangas",15000000,4,"Concreting of Brgy. Balibago FMR, Brgy. Balibago, Lobo, Batangas | Opening and Concreting of Brgy. San Miguel - Brgy. Tayuman FMR, Brgy. San Miguel and Brgy. Tayuman, Lobo, Batangas | Opening and Concreting of Sitio Balugbog, Brgy. Soloc FMR, Brgy. Soloc, Lobo, Batangas | Opening and Concreting of Sitio Saimsim, Brgy. Soloc FMR, Brgy. Soloc, Lobo, Batangas"
"Lopez, Quezon",15000000,4,"Construction of Brgy. San Miguel FMR, Brgy. San Miguel, Lopez, Quezon | Construction of Brgy. Sto Niño Ilaya FMR, Brgy. Sto Niño Ilaya, Lopez, Quezon | Construction of Brgy. Veronica FMR, Brgy. Veronica, Lopez, Quezon | Construction of Sitio Alatalatin 2 Brgy. San Francisco B FMR, Brgy. San Francisco B, Lopez, Quezon"
"Matalam, Cotabato",10000000,4,"Construction of Brgy. Kilada - Brgy. Lower Malamote FMR, Brgy. Kilada, Matalam, Cotabato | Construction of Brgy. Manupal FMR, Brgy. Manupal, Matalam, Cotabato | Construction of Brgy. Taguranao FMR, Brgy. Taguranao, Matalam, Cotabato | Construction of Purok Modelo - Purok Malipayon, Brgy. Bangbang FMR, Brgy. Bangbang, Matalam, Cotabato"
"Bayambang, Pangasinan",5000000,4,"Construction of Brgy. Bacnono FMR, Brgy. Bacnono, Bayambang, Pangasinan | Construction of Brgy. Balaybuaya FMR, Brgy. Balaybuaya, Bayambang, Pangasinan | Construction of Brgy. Manambong Sur FMR, Brgy. Manambong Sur, Bayambang, Pangasinan | Construction of Brgy. Tambac FMR, Brgy. Tambac, Bayambang, Pangasinan"
"Lobo, Batangas",5000000,4,"Concreting of Brgy. Balibago FMR, Brgy. Balibago, Lobo, Batangas | Concreting of Brgy. Calumpit FMR, Brgy. Calumpit, Lobo, Batangas | Concreting of Brgy. Olo-olo FMR, Brgy. Olo-olo, Lobo, Batangas | Concreting of Sitio Malitlit, Brgy. Jaybanga FMR, Brgy. Jaybanga, Lobo, Batangas"
"Jones, Isabela",30000000,3,"Construction of FMR at Sitio Dicabugue, Brgy. Dicamay 1, Jones, Isabela | Construction of FMR connecting Brgy. Dibuluan to Brgy. Namnama, Jones, Isabela | Construction of Sitio Dimas, Brgy. Minuri FMR, Brgy. Minuri, Jones, Isabela"
"San Guillermo, Isabela",30000000,3,"Construction of Brgy. Burgos - Sitio Vietnam FMR, Brgy. Burgos, San Guillermo, Isabela | Construction of Brgy. San Mariano Sur - Sinalugan FMR, Brgy. San Mariano Sur, San Guillermo, Isabela | Construction of Sitio Americana-San Francisco Norte FMR, San Guillermo, Isabela"
"Pagudpud, Ilocos Norte",20000000,3,"Construction of Brgy. Tarrag FMR, Brgy. Tarrag, Pagudpud, Ilocos Norte | Construction of Brgy. Tarrag Hardin FMR, Brgy. Tarrag, Pagudpud, Ilocos Norte | Construction of Sitio Tamuad Brgy. Dampig FMR, Brgy. Dampig, Pagudpud, Ilocos Norte"
"Bacuag, Surigao del Norte",20000000,3,"Construction of Purok 3 to Purok 2 Brgy. Pungtod FMR, Brgy. Pungtod, Bacuag, Surigao del Norte | Construction of Purok 6 to Purok 4 Brgy. Pautao FMR, Brgy. Pautao, Bacuag, Surigao del Norte | Construction of Siwata - Hinatigan to Eco Park, Brgy. Poblacion FMR, Brgy. Poblacion, Bacuag, Surigao del Norte"
"Mainit, Surigao del Norte",20000000,3,"Construction of Brgy. Binga to Sitio Maniuyom FMR, Brgy. Binga, Mainit, Surigao del Norte | Construction of Brgy. San Isidro going to Sanitary Landfill FMR, Brgy. San Isidro, Mainit, Surigao del Norte | Construction of Purok Magtatanim Brgy. Matin-ao FMR, Brgy. Matin-ao, Mainit, Surigao del Norte"
"Jones, Isabela",20000000,3,"Concreting/Rehabilitation of Brgy. Napaliong FMR, Brgy. Napaliong, Jones, Isabela | Construction of Brgy. San Antonio FMR, Brgy. San Antonio, Jones, Isabela | Construction of Sitio Diarao Baba, Brgy. Dicamay 2 FMR, Brgy. Dicamay 2, Jones, Isabela"
"Goa, Camarines Sur",15000000,3,"Concreting of Sitio Bulao, Brgy. Digdigon - Brgy. Cagaycay FMR, Goa, Camarines Sur | Concreting of Sitio Calanawan - Sitio Maybunga, Brgy. Hiwacloy FMR, Brgy. Hiwacloy, Goa, Camarines Sur | Concreting of Sitio Calangatnan, Brgy. Digdigon FMR, Brgy. Digdigon, Goa, Camarines Sur"
"Siayan, Zamboanga del Norte",15000000,3,"Construction of Brgy. Diongan FMR, Siayan, Zamboanga del Norte | Construction of Brgy. Sayaw FMR, Siayan, Zamboanga del Norte | Construction of Brgy. Soguilon FMR, Siayan, Zamboanga del Norte"
"Cauayan City, Isabela",15000000,3,"Construction of Brgy. Buyon FMR, Brgy. Buyon, Cauayan City, Isabela | Construction of Brgy. Gappal FMR 3, Brgy. Gappal, Cauayan City, Isabela | Construction of Brgy. Manaoag FMR 1, Brgy. Manaoag, Cauayan City, Isabela"
"Rosario, Batangas",15000000,3,"Construction of Brgy. Itlugan FMR, Brgy. Itlugan, Rosario, Batangas | Construction of Brgy. Matamis FMR, Brgy. Matamis, Rosario, Batangas | Construction of Purok 6, Brgy. San Isidro FMR, Brgy. San Isidro, Rosario, Batangas"
"Abulug, Cagayan",15000000,3,"Construction of Calog Norte FMR, Brgy. Calog Norte, Abulug, Cagayan | Construction of Siguiran FMR, Brgy. Siguiran, Abulug, Cagayan | Construction of Sitio Gandia, Alinunu FMR, Brgy. Alinunu, Abulug, Cagayan"
"Gubat, Sorsogon",15000000,3,"Concreting of Purok 1 - Purok 3, Brgy. Manapao - Purok 1-b, Brgy. Casili FMR, Brgy. Manapao and Brgy. Casili, Gubat, Sorsogon | Concreting of Purok 3 - Purok 5, Brgy. Casili FMR, Brgy. Casili, Gubat, Sorsogon | Construction of Sitio Pangdan to Sitio Malidlid FMR, Brgy. Bulacao, Gubat, Sorsogon"
"San Isidro, Isabela",15000000,3,"Construction of Brgy. Quezon FMR, San Isidro, Isabela | Construction of Brgy. Ramos East FMR, San Isidro, Isabela | Construction of Brgy. Ramos West FMR, San Isidro, Isabela"
"San Juan, Batangas",15000000,3,"Construction of Brgy. Libato FMR, Brgy. Libato, San Juan, Batangas | Construction of Brgy. Talahiban 1 FMR, Brgy. Talahiban 1, San Juan, Batangas | Construction of Sitio Water Lily, Brgy. Maraykit FMR, Brgy. Maraykit, San Juan, Batangas"
"Lucban, Quezon",15000000,3,"Construction of Brgy. Kulapi FMR, Brgy. Kulapi, Lucban, Quezon | Construction of Brgy. Nalunao FMR, Brgy. Nalunao, Lucban, Quezon | Construction of Sitio Pandak, Brgy. Kalyaat FMR, Brgy. Kalyaat, Lucban, Quezon"
"Cebu City, Cebu",15000000,3,"Construction of Brgy. Sudlon I FMR, Brgy. Sudlon I, Cebu City, Cebu | Construction of Sitio Samborio, Brgy. Buot FMR, Brgy. Buot, Cebu City, Cebu | Construction of Sitio Upper to Sitio Tay-ong, Brgy. Buot FMR, Brgy. Buot, Cebu City, Cebu"
"Lobo, Batangas",10000000,3,"Concreting of Brgy. San Nicolas FMR, Brgy. San Nicolas, Lobo, Batangas | Concreting of Brgy. Sawang FMR, Brgy. Sawang, Lobo, Batangas | Concreting of Brgy. Soloc FMR, Brgy. Soloc, Lobo, Batangas"
