amountPesos,project_candidates,distinct_location_hints,share_of_unflagged_pct
15000000,364,249,48.2
30000000,92,73,12.2
10000000,70,47,9.3
20000000,53,33,7.0
5000000,49,25,6.5
25000000,19,14,2.5
50000000,17,11,2.3
45000000,7,4,0.9
13200000,6,5,0.8
35000000,5,3,0.7
18000000,5,3,0.7
40000000,4,3,0.5
55000000,3,3,0.4
24000000,3,3,0.4
16500000,3,3,0.4
34500000,2,1,0.3
27000000,2,1,0.3
25200000,2,2,0.3
12000000,2,2,0.3
11000000,2,2,0.3
8500000,2,2,0.3
8400000,2,2,0.3
7500000,2,1,0.3
7000000,2,2,0.3
95000000,1,0,0.1
77000000,1,1,0.1
70000000,1,1,0.1
67000000,1,1,0.1
60000000,1,1,0.1
53200000,1,1,0.1
52000000,1,1,0.1
50400000,1,1,0.1
42000000,1,1,0.1
41000000,1,1,0.1
39000000,1,1,0.1
36000000,1,1,0.1
34000000,1,1,0.1
32550000,1,1,0.1
30750000,1,0,0.1
27500000,1,1,0.1
25500000,1,1,0.1
25350000,1,1,0.1
22500000,1,1,0.1
21000000,1,0,0.1
17550000,1,1,0.1
17000000,1,1,0.1
16875000,1,1,0.1
16000000,1,1,0.1
14000000,1,1,0.1
13500000,1,1,0.1
10900000,1,1,0.1
9450000,1,1,0.1
8700000,1,1,0.1
8250000,1,0,0.1
8100000,1,1,0.1
8000000,1,1,0.1
6600000,1,1,0.1
6092500,1,1,0.1
6000000,1,1,0.1
5500000,1,1,0.1
3500000,1,1,0.1
