province_hint,project_candidates,candidate_total_pesos,median_candidate_pesos,candidates_at_15m,pct_at_15m
Isabela,59,1345500000,20000000.0,17,28.8
Batangas,54,905000000,15000000.0,21,38.9
Ilocos Norte,49,690000000,12000000.0,6,12.2
Quezon,33,575775000,15000000.0,20,60.6
Iloilo,31,681000000,16500000.0,12,38.7
Surigao del Norte,26,485000000,20000000.0,11,42.3
Pangasinan,26,265000000,7500000.0,8,30.8
Oriental Mindoro,20,505850000,20000000.0,10,50.0
Camarines Sur,19,325000000,15000000.0,15,78.9
Negros Occidental,18,310000000,15000000.0,14,77.8
Sorsogon,13,260000000,15000000.0,9,69.2
Cebu,13,215000000,15000000.0,9,69.2
Palawan,13,255000000,15000000.0,8,61.5
Albay,13,193200000,15000000.0,10,76.9
Zamboanga del Norte,12,260000000,15000000.0,8,66.7
Laguna,12,240000000,15000000.0,6,50.0
Leyte,10,170000000,15000000.0,8,80.0
Cotabato,10,135000000,10000000.0,3,30.0
Davao del Norte,10,245000000,22500000.0,1,10.0
Samar,10,199600000,14100000.0,2,20.0
La Union,9,135000000,15000000.0,7,77.8
Quirino,9,110000000,5000000.0,0,0.0
Northern Samar,9,164000000,15000000.0,5,55.6
Cagayan,8,120000000,15000000.0,6,75.0
Cavite,8,150000000,15000000.0,3,37.5
Nueva Ecija,7,52892500,7500000.0,0,0.0
Misamis Occidental,7,125000000,15000000.0,1,14.3
Lanao del Norte,6,120000000,17500000.0,2,33.3
Zamboanga del Sur,6,105000000,15000000.0,5,83.3
Eastern Samar,6,165000000,25000000.0,1,16.7
Cagayan de Oro City,6,130000000,20000000.0,3,50.0
Negros Oriental,6,105000000,15000000.0,5,83.3
Camarines Norte,6,90000000,15000000.0,6,100.0
Baguio City,5,60000000,12000000.0,2,40.0
Benguet,5,199000000,25000000.0,2,40.0
Surigao del Sur,5,105000000,15000000.0,3,60.0
Sultan Kudarat,5,90000000,15000000.0,4,80.0
