projectName,amountPesos,startCoordinate,endCoordinate,straightLineDistanceKm,pesosPerStraightLineKm,sourceVolume,sourcePage
"Construction of Brgy. Buyon FMR, Brgy. Buyon, Cauayan City, Isabela",15000000,"[16.851721, 121.87951]","[18.826792, 121.879302]",219.618,68300.36,2 - HB 10858 VOL IB.pdf,676
"Construction of Sitio Busay, Brgy. Apale FMR, Brgy. Apale, Isabel, Leyte",15000000,"[11.871556, 124.488833]","[10.878222, 124.485778]",110.454,135802.7,2 - HB 10858 VOL IB.pdf,712
"Construction of Brgy. Escoda - Brgy. Elizabeth FMR, Brgy. Escoda and Brgy. Elizabeth, Marcos, Ilocos Norte",30000000,"[17.00918, 120.7245783]","[17.9980347, 120.732015]",109.959,272829.94,2 - HB 10858 VOL IB.pdf,666
"Concreting of Sitio 7, Brgy. Balite FMR, Sitio 7, Brgy. Balite, San Luis, Batangas",5000000,"[13.825486, 120.91245]","[13.823398, 121.914231]",108.167,46225.03,2 - HB 10858 VOL IB.pdf,696
"Concreting of Brgy. Balagtasin FMR, Brgy. Balagtasin, San Luis, Batangas",10000000,"[13.840631, 120.95877]","[13.846302, 121.917756]",103.539,96581.99,2 - HB 10858 VOL IB.pdf,696
"Concreting of Brgy. San Fernando - Brgy. Buenavista Norte FMR, Brgy. San Fernando",40000000,"[10.644461, 122.979706]","[10.65965, 122.109303]",95.132,420469.8,2 - HB 10858 VOL IB.pdf,708
"Construction of Sitio Cagat to Sitio Turod, Brgy. Tangaoan FMR, Brgy. Tangaoan, Piddig, Ilocos Norte",10000000,"[18.710936, 120.711799]","[18.189244, 120.710936]",58.01,172385.1,2 - HB 10858 VOL IB.pdf,670
"Construction of Brgy. Catimon FMR, Brgy. Catimon, Guimba, Nueva Ecija",7500000,"[15.16620265, 120.756695]","[15.6198833, 120.7509567]",50.451,148659.66,2 - HB 10858 VOL IB.pdf,686
"Concreting of Brgy. Mamali - Brgy. Pidtiguian FMR, Lambayong, Sultan Kudarat",30000000,"[6.800254, 124.63489]","[6.4751688, 124.40463]",44.198,678764.04,2 - HB 10858 VOL IB.pdf,722
"Construction of Brgy. Beti to Brgy. Yaway FMR, Brgy. Beti and Brgy. Yaway, Aritao,",20000000,"[16.4628, 121.3106]","[16.135112, 121.22774]",37.495,533403.39,2 - HB 10858 VOL IB.pdf,676
"Concreting of Brgy. Camia FMR, Brgy. Camia, San Joaquin, Iloilo",15000000,"[10.614987, 122.074577]","[10.60873, 122.378659]",33.241,451244.29,2 - HB 10858 VOL IB.pdf,708
"Construction of Brgy. Santol FMR, Brgy. Santol, Mauban, Quezon",5000000,"[14.1806, 121.7058]","[14.1921, 121.9757]",29.124,171677.37,2 - HB 10858 VOL IB.pdf,698
"Construction of Sitio Sao, Brgy. Daking FMR, Brgy. Daking, San Gabriel, La Union",15000000,"[16.690215, 120.283898]","[16.68641, 120.478915]",20.776,721990.62,2 - HB 10858 VOL IB.pdf,666
"Construction of Brgy. Alacan to Brgy. Mabilao FMR, Brgy. Alacan and Brgy. Mabilao, San Fabian, Pangasinan",15000000,"[16.341464, 120.4321289]","[16.17002299, 120.42681182]",19.072,786499.69,2 - HB 10858 VOL IB.pdf,666
"Concreting of Brgy. Bactas-Tinabyonan-Guinabucan -Agsuwao FMR, Catmon, Cebu",30000000,"[18.12345, 120.674891]","[18.23456, 120.78912]",17.271,1737058.19,2 - HB 10858 VOL IB.pdf,712
"Construction of Sitio Kilbog Proper, Brgy. Baluan FMR Phase I, Brgy. Baluan,",15000000,"[6.33436875453889, 124.372377208817]","[6.44012610529141, 124.409492893852]",12.454,1204392.09,2 - HB 10858 VOL IB.pdf,722
"Construction of Brgy. Bobonan - Brgy. Nama - Brgy. Palacpalac FMR, Brgy. Bobonan,",15000000,"[16.128442, 120.532318]","[16.131915, 120.633068]",10.769,1392912.13,2 - HB 10858 VOL IB.pdf,668
"Construction of Brgy. Sayaw FMR, Siayan, Zamboanga del Norte",15000000,"[8.188196, 123.14085]","[8.188761, 123.140193]",0.096,156591925.7,2 - HB 10858 VOL IB.pdf,718
"Concreting of Sitio Naambon, Brgy. Nag-iba FMR, Brgy. Nag-iba, Mabini, Batangas",5000000,"[13.701855, 120.8955]","[13.70136, 120.895995]",0.077,65154265.92,2 - HB 10858 VOL IB.pdf,696
"Construction of Camangaan - Brgy. 29 FMR, Laoag City, Ilocos Norte",11000000,"[18.1828566, 120.6132444]","[18.1828961, 120.613187]",0.007,1469121560.45,2 - HB 10858 VOL IB.pdf,668
"Construction of Brgy. Diongan FMR, Siayan, Zamboanga del Norte",15000000,"[8.154771, 123.1307411]","[8.1547988, 123.1307483]",0.003,4700432050.69,2 - HB 10858 VOL IB.pdf,718
"Concreting of Bag-ao Village to Brgy. Santiago FMR, Brgy. Santiago, Loreto, Dinagat Islands",25000000,"[10.3596383, 125.59104]","[10.3596517, 125.591045]",0.002,15750848813.2,2 - HB 10858 VOL IB.pdf,726
