amountPesos,projectName,sourceVolume,sourcePage,sourceText,sourceContext,screeningFlags,reviewNotes
95000000,"Construction of Brgy. Concepcion to Brgy. Balagbag FMR, Brgy. Concepcion,",2 - HB 10858 VOL IB.pdf,694,"Construction of Brgy. Concepcion to Brgy. Balagbag FMR, Brgy. Concepcion, | 95,000,000","Construction of Brgy. Concepcion to Brgy. Balagbag FMR, Brgy. Concepcion, | Alitagtag, Batangas | 95,000,000",[],[large amount; verify PAP/project level and amount against the schedule]
77000000,"Construction of Sowe-Cabayo-Keninchingan FMR, Brgy. Poblacion, Atok, Benguet",2 - HB 10858 VOL IB.pdf,672,"Construction of Sowe-Cabayo-Keninchingan FMR, Brgy. Poblacion, Atok, Benguet | 77,000,000","15,000,000 | Construction of Sowe-Cabayo-Keninchingan FMR, Brgy. Poblacion, Atok, Benguet | 77,000,000",[],[large amount; verify PAP/project level and amount against the schedule]
70000000,"Opening and Concreting of Sitio Malabnig, Brgy. Balatbat FMR, Brgy. Balatbat, Lobo, Batangas",2 - HB 10858 VOL IB.pdf,696,"Opening and Concreting of Sitio Malabnig, Brgy. Balatbat FMR, Brgy. Balatbat, Lobo, Batangas | 70,000,000","Opening and Concreting of Sitio Malabnig, Brgy. Balatbat FMR, Brgy. Balatbat, | 5,000,000 | Lobo, Batangas | 70,000,000",[],[large amount; verify PAP/project level and amount against the schedule]
67000000,"Construction of Lower Englandad-Tagongtongao- Boneng FMR, Brgy. Paoay, Atok, Benguet",2 - HB 10858 VOL IB.pdf,672,"Construction of Lower Englandad-Tagongtongao- Boneng FMR, Brgy. Paoay, Atok, Benguet | 67,000,000","5,000,000 | Construction of Lower Englandad-Tagongtongao- Boneng FMR, Brgy. Paoay, Atok, Benguet | 67,000,000 | 15,000,000",[],[large amount; verify PAP/project level and amount against the schedule]
900000,"Construction of Brgy. Naglabrahan FMR, Brgy. Naglabrahan, Guimba, Nueva Ecija",2 - HB 10858 VOL IB.pdf,686,"Construction of Brgy. Naglabrahan FMR, Brgy. Naglabrahan, Guimba, Nueva Ecija | 900,000","Construction of Brgy. Naglabrahan FMR, Brgy. Naglabrahan, Guimba, Nueva Ecija | 13, | 900,000",[amount below ₱1M; verify the printed amount cell],[]
900000,"Concreting of Purok 5 - Purok 2, Brgy. Tangle FMR, Brgy. Tangle, Mexico, Pampanga",2 - HB 10858 VOL IB.pdf,686,"Concreting of Purok 5 - Purok 2, Brgy. Tangle FMR, Brgy. Tangle, Mexico, Pampanga | 900,000","Concreting of Purok 5 - Purok 2, Brgy. Tangle FMR, Brgy. Tangle, Mexico, Pampanga | 8, 700,000 | 24, | 900,000",[amount below ₱1M; verify the printed amount cell],[]
900000,"Concreting of Hacienda, Brgy. Pandacaqui FMR, Brgy. Pandacaqui, Mexico, Pampanga",2 - HB 10858 VOL IB.pdf,686,"Concreting of Hacienda, Brgy. Pandacaqui FMR, Brgy. Pandacaqui, Mexico, Pampanga | 900,000","Concreting of Hacienda, Brgy. Pandacaqui FMR, Brgy. Pandacaqui, Mexico, Pampanga | 65, | 000,000 | 24, | 900,000",[amount below ₱1M; verify the printed amount cell],[]
900000,"Construction of Sto. Rosario FMR, Brgy. Sto. Rosario, Aliaga, Nueva Ecija",2 - HB 10858 VOL IB.pdf,686,"Construction of Sto. Rosario FMR, Brgy. Sto. Rosario, Aliaga, Nueva Ecija | 900,000","Construction of Sto. Rosario FMR, Brgy. Sto. Rosario, Aliaga, Nueva Ecija | 15, | 000,000 | 18, | 900,000",[amount below ₱1M; verify the printed amount cell],[]
900000,"Construction of Brgy. Manacsac FMR, Brgy. Manacsac, Guimba, Nueva Ecija",2 - HB 10858 VOL IB.pdf,686,"Construction of Brgy. Manacsac FMR, Brgy. Manacsac, Guimba, Nueva Ecija | 900,000","Construction of Brgy. Manacsac FMR, Brgy. Manacsac, Guimba, Nueva Ecija | 28, | 900,000",[amount below ₱1M; verify the printed amount cell],[]
800000,"Construction of Tabing Ilog FMR, Brgy. Tabing Ilog, Licab, Nueva Ecija",2 - HB 10858 VOL IB.pdf,688,"Construction of Tabing Ilog FMR, Brgy. Tabing Ilog, Licab, Nueva Ecija | 800,000","35, | 550,000 | Construction of Tabing Ilog FMR, Brgy. Tabing Ilog, Licab, Nueva Ecija | 16, | 800,000",[amount below ₱1M; verify the printed amount cell],[]
800000,"Construction of Brgy. Magsaysay FMR, Brgy. Magsaysay, Aliaga, Nueva Ecija",2 - HB 10858 VOL IB.pdf,686,"Construction of Brgy. Magsaysay FMR, Brgy. Magsaysay, Aliaga, Nueva Ecija | 800,000","Construction of Brgy. Magsaysay FMR, Brgy. Magsaysay, Aliaga, Nueva Ecija | 7, 500,000 | 13, | 800,000",[amount below ₱1M; verify the printed amount cell],[]
757500,"Construction of Brgy. Narvacan I FMR, Brgy. Narvacan I, Guimba, Nueva Ecija",2 - HB 10858 VOL IB.pdf,684,"Construction of Brgy. Narvacan I FMR, Brgy. Narvacan I, Guimba, Nueva Ecija | 757,500","Construction of Brgy. Narvacan I FMR, Brgy. Narvacan I, Guimba, Nueva Ecija | 15, | 757,500",[amount below ₱1M; verify the printed amount cell],[]
750000,"Construction of Brgy. Sta. Cruz FMR, Brgy. Sta. Cruz, Guimba, Nueva Ecija",2 - HB 10858 VOL IB.pdf,684,"Construction of Brgy. Sta. Cruz FMR, Brgy. Sta. Cruz, Guimba, Nueva Ecija | 750,000","30, | 000,000 | Construction of Brgy. Sta. Cruz FMR, Brgy. Sta. Cruz, Guimba, Nueva Ecija | 24, | 750,000",[amount below ₱1M; verify the printed amount cell],[]
750000,"Construction of Brgy. Sto. Rosario Young FMR, Brgy. Sto. Rosario Young, Zaragoza, Nueva Ecija",2 - HB 10858 VOL IB.pdf,684,"Construction of Brgy. Sto. Rosario Young FMR, Brgy. Sto. Rosario Young, Zaragoza, Nueva Ecija | 750,000","NAME OR PROJECTS | NAME OF PROJECTSPESOS PESOS | PESOS | Construction of Brgy. Sto. Rosario Young FMR, Brgy. Sto. Rosario Young, | 35, | 000,000 | Zaragoza, Nueva Ecija | 13, | 750,000",[amount below ₱1M; verify the printed amount cell],[]
712500,"Concreting of Brgy. Malasin FMR, Brgy. Malasin, Santo Domingo, Nueva Ecija",2 - HB 10858 VOL IB.pdf,690,"Concreting of Brgy. Malasin FMR, Brgy. Malasin, Santo Domingo, Nueva Ecija | 712,500","Concreting of Brgy. Malasin FMR, Brgy. Malasin, Santo Domingo, Nueva Ecija | 17, | 712,500",[amount below ₱1M; verify the printed amount cell],[]
600000,"Construction of Brgy. Sta. Clara FMR, Brgy. Sta. Clara, Cuyapo, Nueva Ecija",2 - HB 10858 VOL IB.pdf,688,"Construction of Brgy. Sta. Clara FMR, Brgy. Sta. Clara, Cuyapo, Nueva Ecija | 600,000","Construction of Brgy. Sta. Clara FMR, Brgy. Sta. Clara, Cuyapo, Nueva Ecija | 15, | 000,000 | 32, | 600,000",[amount below ₱1M; verify the printed amount cell],[]
600000,"Concreting of Brgy. Pacac FMR, Brgy. Pacac, Guimba, Nueva Ecija",2 - HB 10858 VOL IB.pdf,686,"Concreting of Brgy. Pacac FMR, Brgy. Pacac, Guimba, Nueva Ecija | 600,000","15, | 000,000 | Concreting of Brgy. Pacac FMR, Brgy. Pacac, Guimba, Nueva Ecija | 19, | 600,000",[amount below ₱1M; verify the printed amount cell],[]
550000,"Construction of Bacayao to Cavite FMR, Brgy. Bacayao to Brgy. Cavite, Guimba, Nueva Ecija",2 - HB 10858 VOL IB.pdf,688,"Construction of Bacayao to Cavite FMR, Brgy. Bacayao to Brgy. Cavite, Guimba, Nueva Ecija | 550,000","Construction of Bacayao to Cavite FMR, Brgy. Bacayao to Brgy. Cavite, | Guimba, Nueva Ecija | 35, | 550,000",[amount below ₱1M; verify the printed amount cell],[]
550000,"Concreting of Camino Dos, Brgy. Sto. Rosario FMR, Brgy. Sto. Rosario, Mexico, Pampanga",2 - HB 10858 VOL IB.pdf,686,"Concreting of Camino Dos, Brgy. Sto. Rosario FMR, Brgy. Sto. Rosario, Mexico, Pampanga | 550,000","Concreting of Camino Dos, Brgy. Sto. Rosario FMR, Brgy. Sto. Rosario, Mexico, Pampanga | 30, | 000,000 | 10, | 550,000",[amount below ₱1M; verify the printed amount cell],[]
500000,"Construction of Brgy. Caballero FMR, Brgy. Caballero , Guimba, Nueva Ecija",2 - HB 10858 VOL IB.pdf,686,"Construction of Brgy. Caballero FMR, Brgy. Caballero , Guimba, Nueva Ecija | 500,000","NAME OR PROJECTS | NAME OF PROJECTSPESOS PESOS | NUMBER “1”  | PESOS | Construction of Brgy. Caballero FMR, Brgy. Caballero , Guimba, Nueva Ecija | 18, | 500,000",[amount below ₱1M; verify the printed amount cell],[]
500000,"Construction of Bantug to Macatcatuit FMR, Brgy. Bantug to Brgy. Macatcatuit,",2 - HB 10858 VOL IB.pdf,688,"Construction of Bantug to Macatcatuit FMR, Brgy. Bantug to Brgy. Macatcatuit, | 500,000","Construction of Bantug to Macatcatuit FMR, Brgy. Bantug to Brgy. Macatcatuit, | Guimba, Nueva Ecija | 22, | 500,000",[amount below ₱1M; verify the printed amount cell],[]
500000,"Construction of J Gonzales-Bangan Bubon Chocolate Brgy. Amungan FMR,",2 - HB 10858 VOL IB.pdf,682,"Construction of J Gonzales-Bangan Bubon Chocolate Brgy. Amungan FMR, | 500,000","15, | 000,000 | Construction of J Gonzales-Bangan Bubon Chocolate Brgy. Amungan FMR, | Brgy. Amungan, Iba, Zambales | 22, | 500,000",[amount below ₱1M; verify the printed amount cell],[]
500000,"Construction of Maymayan Buri, Brgy. Inhobol FMR, Brgy. Inhobol, Masinloc, Zambales",2 - HB 10858 VOL IB.pdf,682,"Construction of Maymayan Buri, Brgy. Inhobol FMR, Brgy. Inhobol, Masinloc, Zambales | 500,000","Construction of Maymayan Buri, Brgy. Inhobol FMR, Brgy. Inhobol, Masinloc, Zambales | 15, | 000,000 | 32, | 500,000",[amount below ₱1M; verify the printed amount cell],[]
500000,"Concreting of Brgy. Alemania to Brgy. Mayantoc FMR, Brgy. Alemania and Brgy. Mayantoc,",2 - HB 10858 VOL IB.pdf,690,"Concreting of Brgy. Alemania to Brgy. Mayantoc FMR, Brgy. Alemania and Brgy. Mayantoc, | 500,000","Concreting of Brgy. Alemania to Brgy. Mayantoc FMR, Brgy. Alemania and Brgy. Mayantoc, | Nampicuan, Nueva Ecija | 12, | 500,000",[amount below ₱1M; verify the printed amount cell],[]
500000,"Construction of Paitan Sur FMR, Brgy. Paitan Sur, Cuyapo, Nueva Ecija",2 - HB 10858 VOL IB.pdf,690,"Construction of Paitan Sur FMR, Brgy. Paitan Sur, Cuyapo, Nueva Ecija | 500,000","Construction of Paitan Sur FMR, Brgy. Paitan Sur, Cuyapo, Nueva Ecija | 12, | 500,000",[amount below ₱1M; verify the printed amount cell],[]
500000,"Construction of Brgy. Edy FMR, Brgy. Edy, Nampicuan, Nueva Ecija",2 - HB 10858 VOL IB.pdf,684,"Construction of Brgy. Edy FMR, Brgy. Edy, Nampicuan, Nueva Ecija | 500,000","Construction of Brgy. Edy FMR, Brgy. Edy, Nampicuan, Nueva Ecija | 16, | 500,000",[amount below ₱1M; verify the printed amount cell],[]
500000,"Construction of Sitio Ogpoy - Sitio Ariada, Brgy. Alangan FMR, Brgy. Alangan, Limay, Bataan",2 - HB 10858 VOL IB.pdf,688,"Construction of Sitio Ogpoy - Sitio Ariada, Brgy. Alangan FMR, Brgy. Alangan, Limay, Bataan | 500,000","NAME OR PROJECTS | NAME OF PROJECTSPESOS PESOS | PESOS | Construction of Sitio Ogpoy - Sitio Ariada, Brgy. Alangan FMR, Brgy. Alangan, Limay, Bataan | 25, | 000,000 | 22, | 500,000",[amount below ₱1M; verify the printed amount cell],[]
500000,"Construction of Brgy. General Luna FMR, Brgy. General Luna, Sto. Domingo, Nueva Ecija",2 - HB 10858 VOL IB.pdf,684,"Construction of Brgy. General Luna FMR, Brgy. General Luna, Sto. Domingo, Nueva Ecija | 500,000","25, | 000,000 | Construction of Brgy. General Luna FMR, Brgy. General Luna, Sto. Domingo, Nueva Ecija | 27, | 500,000",[amount below ₱1M; verify the printed amount cell],[]
500000,"Concreting of Brgy. La Torre FMR, Brgy. La Torre, Talavera, Nueva Ecija",2 - HB 10858 VOL IB.pdf,688,"Concreting of Brgy. La Torre FMR, Brgy. La Torre, Talavera, Nueva Ecija | 500,000","18, | 000,000 | Concreting of Brgy. La Torre FMR, Brgy. La Torre, Talavera, Nueva Ecija | 13, | 500,000",[amount below ₱1M; verify the printed amount cell],[]
400000,"Construction of Brgy. Bunol FMR, Brgy. Bunol, Guimba, Nueva Ecija",2 - HB 10858 VOL IB.pdf,684,"Construction of Brgy. Bunol FMR, Brgy. Bunol, Guimba, Nueva Ecija | 400,000","Construction of Brgy. Bunol FMR, Brgy. Bunol, Guimba, Nueva Ecija | 16, | 500,000 | 10, | 400,000",[amount below ₱1M; verify the printed amount cell],[]
400000,"Construction of Gen. Luna to Carmen FMR, Brgy. Gen. Luna to Brgy. Carmen,",2 - HB 10858 VOL IB.pdf,688,"Construction of Gen. Luna to Carmen FMR, Brgy. Gen. Luna to Brgy. Carmen, | 400,000","Construction of Gen. Luna to Carmen FMR, Brgy. Gen. Luna to Brgy. Carmen, | Zaragoza, Nueva Ecija | 11, | 400,000",[amount below ₱1M; verify the printed amount cell],[]
375000,"Construction of Brgy. Tampac I FMR, Brgy. Tampac I, Guimba, Nueva Ecija",2 - HB 10858 VOL IB.pdf,684,"Construction of Brgy. Tampac I FMR, Brgy. Tampac I, Guimba, Nueva Ecija | 375,000","Construction of Brgy. Tampac I FMR, Brgy. Tampac I, Guimba, Nueva Ecija | 25, | 000,000 | 23, | 375,000",[amount below ₱1M; verify the printed amount cell],[]
300000,"Construction of Brgy. Casongsong FMR, Brgy. Casongsong, Guimba, Nueva Ecija",2 - HB 10858 VOL IB.pdf,686,"Construction of Brgy. Casongsong FMR, Brgy. Casongsong, Guimba, Nueva Ecija | 300,000","Construction of Brgy. Casongsong FMR, Brgy. Casongsong, Guimba, Nueva Ecija | 17, | 300,000",[amount below ₱1M; verify the printed amount cell],[]
300000,"Construction of Brgy. San Rafael FMR, Brgy. San Rafael, Guimba, Nueva Ecija",2 - HB 10858 VOL IB.pdf,686,"Construction of Brgy. San Rafael FMR, Brgy. San Rafael, Guimba, Nueva Ecija | 300,000","Construction of Brgy. San Rafael FMR, Brgy. San Rafael, Guimba, Nueva Ecija | 21, | 300,000",[amount below ₱1M; verify the printed amount cell],[]
287500,"Construction of Brgy. San Agustin FMR, Brgy. San Agustin, Sto. Domingo, Nueva Ecija",2 - HB 10858 VOL IB.pdf,684,"Construction of Brgy. San Agustin FMR, Brgy. San Agustin, Sto. Domingo, Nueva Ecija | 287,500","25, | 000,000 | Construction of Brgy. San Agustin FMR, Brgy. San Agustin, Sto. Domingo, Nueva Ecija | 18, | 287,500",[amount below ₱1M; verify the printed amount cell],[]
250000,"Construction of Brgy. Gulod FMR, Brgy. Gulod, Talavera, Nueva Ecija",2 - HB 10858 VOL IB.pdf,684,"Construction of Brgy. Gulod FMR, Brgy. Gulod, Talavera, Nueva Ecija | 250,000","Construction of Brgy. Gulod FMR, Brgy. Gulod, Talavera, Nueva Ecija | 30, | 250,000",[amount below ₱1M; verify the printed amount cell],[]
200000,"Concreting of Purok 5, Brgy. Dangcol FMR, Brgy. Dangcol, Balanga City, Bataan",2 - HB 10858 VOL IB.pdf,688,"Concreting of Purok 5, Brgy. Dangcol FMR, Brgy. Dangcol, Balanga City, Bataan | 200,000","11, | 400,000 | Concreting of Purok 5, Brgy. Dangcol FMR, Brgy. Dangcol, Balanga City, Bataan | 13, | 200,000",[amount below ₱1M; verify the printed amount cell],[]
200000,"Construction of Purok Agojo, Brgy. Buenlag FMR, Brgy. Buenlag, Gerona, Tarlac",2 - HB 10858 VOL IB.pdf,690,"Construction of Purok Agojo, Brgy. Buenlag FMR, Brgy. Buenlag, Gerona, Tarlac | 200,000","Construction of Purok Agojo, Brgy. Buenlag FMR, Brgy. Buenlag, Gerona, Tarlac | 13, | 200,000",[amount below ₱1M; verify the printed amount cell],[]
150000,"Concreting of Purok 1 Delta Brgy. Mangga Cacutud FMR, Brgy. Mangga Cacutud,",2 - HB 10858 VOL IB.pdf,686,"Concreting of Purok 1 Delta Brgy. Mangga Cacutud FMR, Brgy. Mangga Cacutud, | 150,000","70, | 000,000 | Concreting of Purok 1 Delta Brgy. Mangga Cacutud FMR, Brgy. Mangga Cacutud, | Arayat, Pampanga | 15, | 150,000 | 21, | 300,000",[amount below ₱1M; verify the printed amount cell],[]
125000,"Construction of Brgy. Burgos FMR, Brgy. Burgos, Cuyapo, Nueva Ecija",2 - HB 10858 VOL IB.pdf,684,"Construction of Brgy. Burgos FMR, Brgy. Burgos, Cuyapo, Nueva Ecija | 125,000","45, | 000,000 | Construction of Brgy. Burgos FMR, Brgy. Burgos, Cuyapo, Nueva Ecija | 15, | 125,000",[amount below ₱1M; verify the printed amount cell],[]
100000,"Concreting of Brgy. Sta. Cruz FMR, Brgy. Sta. Cruz, Cuyapo, Nueva Ecija",2 - HB 10858 VOL IB.pdf,688,"Concreting of Brgy. Sta. Cruz FMR, Brgy. Sta. Cruz, Cuyapo, Nueva Ecija | 100,000","15, | 000,000 | LAT: 15.713972`N LONG: 120.396365`E | Concreting of Brgy. Sta. Cruz FMR, Brgy. Sta. Cruz, Cuyapo, Nueva Ecija | 10, | 100,000",[amount below ₱1M; verify the printed amount cell],[]
100000,"Construction of Brgy. San Antonio FMR, Brgy. San Antonio, Cuyapo, Nueva Ecija",2 - HB 10858 VOL IB.pdf,688,"Construction of Brgy. San Antonio FMR, Brgy. San Antonio, Cuyapo, Nueva Ecija | 100,000","15, | 000,000 | Construction of Brgy. San Antonio FMR, Brgy. San Antonio, Cuyapo, Nueva Ecija | 23, | 100,000",[amount below ₱1M; verify the printed amount cell],[]
100000,"Construction of Concepcion to Pantoc FMR, Brgy. Concepcion to Brgy. Pantoc, Zaragoza, Nueva Ecija",2 - HB 10858 VOL IB.pdf,688,"Construction of Concepcion to Pantoc FMR, Brgy. Concepcion to Brgy. Pantoc, Zaragoza, Nueva Ecija | 100,000","Construction of Concepcion to Pantoc FMR, Brgy. Concepcion to Brgy. Pantoc, | Zaragoza, Nueva Ecija | 26, | 100,000",[amount below ₱1M; verify the printed amount cell],[]
50000,"Concreting of Brgy. Parian FMR, Brgy. Parian, Mexico, Pampanga",2 - HB 10858 VOL IB.pdf,686,"Concreting of Brgy. Parian FMR, Brgy. Parian, Mexico, Pampanga | 050,000","Concreting of Brgy. Parian FMR, Brgy. Parian, Mexico, Pampanga | 25, | 000,000 | 10, | 050,000",[amount below ₱1M; verify the printed amount cell],[]
