amountPesos,facility_candidates,distinct_titles,project_examples
500000,49,49,"Andal Alinio Barangay Health Station | Bakal I Barangay Health Station | Bakal II Barangay Health Station | Bakal III Barangay Health Station | Baluga Barangay Health Station | Basang Hamog Barangay Health Station | Batitang Barangay Health Station | Bertese Barangay Health Station | Betes Barangay Health Station | Bibiclat Barangay Health Station | Bucot Barangay Health Station | Cabubulaunan Barangay Health Station | Caingin Tabing Ilog Barangay Health Station | Calipahan Barangay Health Station | Campos Barangay Health Station | Casulucan Este Barangay Health Station | Concepcion Barangay Health Station | Doña Lucia Barangay Health Station | Esguerra Barangay Health Station | Gulod Barangay Health Station | Ilong Baliwag Barangay Health Station | Maeling Barangay Health Station | Mambarao Barangay Health Station | Manacsac Barangay Health Station | Manaul Barangay Health Station | Matingkis Barangay Health Station | Mayantoc Barangay Health Station | Medico Barangay Health Station | Minabuyoc Barangay Health Station | Monic Barangay Health Station | Municipality of Guimba, San Agustin Barangay Health Center | Municipality of Sto. Domingo, San Agustin Barangay Health Station | Pantoc Bulac Barangay Health Station | Pinagpanaan Barangay Health Station | Pulong Bahay Barangay Health Station | Pulong Buli Barangay Health Station | Pulong San Miguel Barangay Health Station | San Alejandro Barangay Health Station | San Andres 1 Barangay Health Station | San Eustacio Barangay Health Station | San Manuel Barangay Health Station | San Miguel Barangay Health Station | Southwest Poblacion Barangay Health Station | Sta. Monica District Hospital | Sto. Rosario Barangay Health Station | Sto. Tomas Barangay Health Station | Sto. Tomas Feria Barangay Health Station | Subol Barangay Health Station | Tabacao Barangay Health Station"
10000000,29,29,"Bagumbayan Infirmary | Barangay II, Quezon Super Health Center | Batanes General Hospital | Biliran Provincial Hospital | Catarman District Hospital | Conner District Hospital Dialysis Center | DOH DATRC - Bukidnon | DOH DATRC - Ilagan, Isabela | Damilag Barangay Health Station | Davao del Sur Provincial Hospital | Dr. George Tocao Hofer Medical Center | Joni Villanueva General Hospital | Kasibu Municipal Hospital | Lubang District Hospital | Miagao Super Health Center | Occidental Mindoro Provincial Hospital | Oriental Mindoro Central District Hospital | Poblacion Sur, Licab Super Health Center | Ramon Maza Sr. Memorial District Hospital | Regional Public Health Laboratory (Non-Infectious) | Romblon District Hospital | San Jose District Hospital | San Marcelino District Hospital | Sibutad District Hospital | Sibuyan District Hospital | Sultan Kudarat Provincial Hospital | Talavera General Hospital | Tarlac City General Hospital | Zamboanga del Sur Medical Center"
50000000,27,27,"Amai Pakpak Medical Center | Angadanan Integrated Community Hospital | Bago City Hospital | Bataan General Hospital and Medical Center | Buenavista Emergency Hospital | Caraga Regional Hospital | Cebu South Medical Center | Coron District Hospital | DOH DATRC - Pilar, Bataan | Davao de Oro Provincial Hospital - Laak | Davao de Oro Provincial Hospital - Maragusan | Dr. Paulino J. Garcia Memorial Research and Medical Center | Eastern Samar Provincial Hospital | Governor Faustino N. Dy Sr. Memorial Hospital | Governor Roque B. Ablan Sr. Memorial Hospital | Iloilo Provincial Hospital | JR Borja General Hospital | Kidapawan City Hospital | Mandaue City Hospital | Mariano Marcos Memorial Hospital and Medical Center | North Samar Provincial Hospital | Northwestern Cagayan General Hospital | Pasay City General Hospital | Region I Medical Center | San Antonio District Hospital | St. Bernadette Children and Maternity Hospital | Teresita L. Jalandoni Provincial Hospital"
20000000,27,27,"Bulan Medicare Hospital | Camiling District Hospital | Congressman Enrique ""Henry"" M. Cojuangco Memorial District Hospital | Cortes Municipal Hospital | Cotabato Regional and Medical Center | DOH DATRC - CALABARZON | DOH DATRC - Malinao | DOH DATRC - Tagaytay | Davao Regional Medical Center | Gilberto O. Teodoro Memorial Hospital | Gubat District Hospital | La Paz Medicare and Community Hospital | Leyte Provincial Hospital | Lucena City Hospital | Mandaluyong City Medical Center | Ospital ng Tagaytay | Paniqui General Hospital | Patnongon Community Hospital | Quezon Community Hospital | Region II Sub National Reference Laboratory | SOCCSKSARGEN Sub National Reference Laboratory | San Juan Medical Center | San Mateo Community Hospital | Sara District Hospital | Sara, Iloilo Dialysis Center | Sub National Reference Laboratory | Tarlac Provincial Hospital"
2900000,25,25,Catbalogan City Health Office | Cauayan Rural Health Unit | Condoni Rural Health Unit | Cordova Primary Care Facility | Davao Prison and Penal Farm Hospital | Davao del Norte Hospital - Kapalong | General Luna Super Health Center | Guihulngan Rural Health Unit | Hinoba-an Rural Health Unit | Luna Super Health Center - Surigao City | Malita Womens and Child Hospital - Malita | Maripipi Rural Health Unit | Obando Super Health Center | Ormoc City Health Office | Panitan Super Health Center | Pontevedra Primary Care Facility | President Roxas Primary Care Facility | Pulupandan Rural Health Unit | Roxas City Super Health Center | Sigma Super Health Center | Sipalay Rural Health Unit | Tago Rural Health Unit | Tandag Super Health Center | Tanjay City Rural Health Unit | Vallehermoso Rural Health Unit
15000000,23,23,"Bulacan Medical Center | Bustos Community Hospital | Central Visayas Sub National Blood Center | DOH DATRC - Cagayan de Oro | DOH DATRC - Caraga | DOH DATRC - Dulag, Leyte | DOH DATRC - Malagos, Davao | DOH DATRC - Pototan, Iloilo | DOH DATRC - San Fernando, Camarines Sur | DOH Mega Drug Abuse Treatment and Rehabilitation Center | Davao Oriental Provincial Medical Center - Cateel | Davao Oriental Provincial Medical Center - Manay | Davao de Oro Provincial Hospital - Pantukan | General Emilio Aguinaldo Memorial Hospital | Gregorio Matas District Hospital | Las Piñas General Hospital and Satellite Trauma Center | Monkayo Community Infirmary | National Center for Mental Health | Ospital ng Muntinlupa | Ospital ng Sampaloc | Passi City Hospital | Regional Blood Center | SOCCSKSARGEN Regional Blood Center"
2500000,20,20,Balasiao Super Health Center | Bobon Bagong Pilipinas Health Center | Capul Super Health Center | Carmen Super Health Center | Compostela Rural Health Unit | Davao del Sur Super Health Center | Dipolog City Health Office | Gingoog Super Health Center | Jaro Super Health Center | Leyte Super Health Center | Mahayag Super Health Center | Maragusan Rural Health Unit | Mawab Municipal Health Office | Monkayo Rural Health Unit | Montevista Rural Health Unit | New Bataan Rural Heath Unit | Pantukan Municipal Health Office | Sta. Rita Super Health Center | Torrijos Municipal Hospital | Western Kalinga District Hospital
25000000,15,15,"Aborlan Medicare Hospital | Canlaon City District Hospital | DOH DATRC - San Fernando, La Union | Dr. Ramon B. Legaspi Sr. Memorial Hospital | Eastern Bicol Medical Center | Eversley Child Sanitarium and General Hospital | Guimbal Iloilo Dialysis Center | Justice Jose Abad Santos General Hospital | Misamis Oriental Provincial Hospital - Balingasag | Nueva Valencia District Hospital | Ospital Ng Paranaque I | Ospital ng Biñan | Roxas Community Hospital | Saint Francis II Super Health Center | San Pablo City District Hospital"
5000000,12,12,"Cawayan Municipal Hospital | City of Navotas, Bagumbayan Super Health Center | City of Navotas, Tangos North Super Health Center | DOH DATRC - Zamboanga | Itbayat Disctrict Hospital | Labo District Hospital | Lingig Community Hospital | Midsayap Rural Health Unit | Municipality of Conner Malama Brgy. Health Station (BHS) with Birthing Home | Salao Community Health Center | Sta. Filomena Brgy. Health Center (BHS), Municipality of Calanasan | Tinambac Municipal Hospital"
135000,12,12,"Bontoc Rural Health Unit | Conner Rural Health Unit | Hingyon Rural Health Unit | Mayoyao Rural Health Unit | Municipality of Bauko, Letang Satellite Barangay Health Station | Municipality of Bontoc, Bayyo Barangay Health Station | Municipality of Bontoc, Gonogon Barangay Health Station | Municipality of Bontoc, Poblacion Bontoc Barangay Health Station | Municipality of Malibcong, Buanao Barangay Health Station | Municipality of Malibcong, Pacgued Barangay Health Station | Municipality of Sadanga, Bekigan Barangay Health Station | Municipality of Sadanga, Samoki Barangay Health Station"
1000000,11,11,"City of Catbalogan, Bagongon Barangay Health Station | Dinagat Rural Health Unit | Libertad Main Health Center | Loreto Municipal Health Office (Rural Health Unit) | Marihatag District Hospital | Pinukpuk Rural Health Unit I | Plaridel BUCAS Center | San Pascual Birthing Facility II | Surigao del Norte Provincial Hospital | Tabuk Rural Health Unit I | Tabuk Rural Health Unit III"
920000,10,10,Manabo Rural Health Unit | Pasil Rural Health Unit | Pinukpuk Rural Health Unit II | Rizal Rural Health Unit | Tabuk City Health Office | Tabuk Rural Health Unit II | Tabuk Rural Health Unit IV | Tanudan Rural Health Unit | Tinglayan Rural Health Unit | Tudela Rural Health Station
6000000,9,9,"Buluan District Hospital - Buluan | Datu Blah Sinsuat District Hospital - Upi | Datu Odin Sinsuat District Hospital | Felipe Abrigo Memorial Hospital | Pikit 1 Cluser Rural Health Unit | Pikit 2 Cluser Rural Health Unit | Pikit 3 Cluser Rural Health Unit | Solana Renal & Diagnostic Center | Tigbauan, Iloilo Dialysis Center"
30000000,8,8,Angel Salazar Memorial General Hospital | Davao del Norte Hospital- Carmen Zone | Ilocos Training and Regional Medical Center | Ospital Ng Paranaque II | Sta. Rosa City Community Hospital | Subic General Hospital | Western Visayas Medical Center | Western Visayas Sanitarium and General Hospital
4000000,8,8,"Bindoy Rural Health Unit | Carigara District Hospital | DOH DATRC - Bauko, Mountain Province | Lamitan District Hospital - Lamitan City | Languyan District Hospital | Loreto District Hospital | Municipality of Tumauini, Antagan 1st Barangay Health Station | Northwestern Leyte District Hospital"
140000,8,8,"City of Caloocan, Bagong Silang Phase 10 Health Center | City of Caloocan, Bagong Silang Phase 2 Health Center | City of Caloocan, Bagumbong Main Health Center | City of Caloocan, Camarin 175 Health Center | City of Caloocan, Grace Park Health Center | City of Navotas, Tangos Health Center | City of Valenzuela, Canumay East Health Center | Lianga Rural Health Unit"
40000000,7,7,Aurora Memorial Hospital | Davao del Norte Hospital- Kapalong Zone | Echague District Hospital | Laguna Regional Hospital | Mallig District Hospital | Mariveles Mental Wellness and General Hospital | Southern Luzon Multi-Specialty Medical Center
3240000,7,7,"Batad, Iloilo Super Health Center | Coron, Palawan Super Health Center | Laurel, Batangas Super Health Center | Malilipon, Albay Super Health Center | Palapag Super Health Center | Poblacion Barangay Health Center, Sugbongcogon | Zarraga Super Health Center"
1750000,7,7,Bukidnon Provincial Hospital - Maramag | Dauis Super Health Center | Dona Marida D. Tan Memorial Hospital | El Salvador Infirmary | Kapatagan Provincial Hospital | Lanao del Norte Provincial Hospital - Baroy | SM Lao Memorial City General Hospital
100000000,6,6,Guimba District Hospital | Mayor Hilarion A. Ramiro Sr. Medical Center | North Eastern Misamis General Hospital | Siquijor Provincial Hospital | South Cotabato Provincial Hospital | Valenzuela Medical Center
80000000,6,6,Batangas Provincial Medical Center | First Misamis Oriental General Hospital | Ospital ng Lungsod San Jose del Monte | St. Paul Hospital | Sto. Domingo District Hospital | Valenzuela Health Medical Center (ValHealth)
13000000,6,6,Alicia District Hospital | Baggao District Hospital | DOH DATRC - Dagupan | Maguindanao Provincial Hospital | Novaliches District Hospital | Oriental Mindoro Southern District Hospital
220000,6,6,"Bureau of Quarantine - Manila Station | City of Valenzuela, Don Pedro Health Center | City of Valenzuela, Northville I Health Center | City of Valenzuela, Sitio Kabatuhan Health Center, City of Valenzuela | City of Valenzuela, Tagalag Health Center | San Roque Super Health Center"
115000,6,6,"Municipality of Barlig, Fiangtin Barangay Health Station | Municipality of Leto, Mina Barangay Health Station | Municipality of Natonin, Tappo Barangay Health Station | Municipality of Natonin, Tonglayan Barangay Health Station | Municipality of Paracelis, Butigue Barangay Health Station | Saclit Barangay Health Station"
35000000,5,5,Basilan Medical Center | Cotabato Sanitarium and General Hospital | Kidapawan City General Hospital | Lazi Medicare Community Hospital | Tagbilaran City Super Mega Health Center
75000000,4,4,Butuan Medical Center | Candaba Municipal Infirmary | Capiz General Hospital | Davao Occidental General Hospital
13500000,4,4,Bindoy District Hospital | Don Salvador Benedicto Memorial District Hospital | Lasam District Hospital | Nueva Vizcaya Provincial Hospital
8800000,4,4,"Amlan Rural Health Unit | City of Navotas, Kaunlaran Super Health Center | City of Navotas, Tanza Pabahay Health Center | Mabinay Rural Health Unit"
2700000,4,4,"Municipality of Sagada, Nacangan Barangay Health Station | Municipality of Sagada, Taccong Barangay Health Station | San Dionisio Primary Care Facility | Tabuk City, Kalinga Rural Health Unit"
2000000,4,4,"DOH DATRC - SOCCSKSARGEN | Municipality of Tubo, Tiempo Barangay Health Station | Philippine General Hospital | Tandu Barangay Health Station"
160000,4,4,"Bureau of Quarantine - Cebu Station | Bureau of Quarantine - Iloilo Station | Municipality of Natonin, Batnong Barangay Health Station | Tudela Rural Health Unit"
26500000,3,3,Bayawan District Hospital | Ibajay District Hospital | Iranon Provincial Hospital
11500000,3,3,Besao District Hospital | Paracelis District Hospital | Romblon Provincial Hospital
9000000,3,3,Marinduque Provincial Hospital | Valladolid District Hospital | Wao District Hospital
5800000,3,3,Bago City Rural Health Unit | Ilog Rural Health Unit | Tarangan Community Hospital
5400000,3,3,Capas Medical Complex | Dr. Tomas Nolasco Sr. Memorial Hospital | Masantol Community Hospital in Pampanga
4500000,3,3,Araceli Dumaran District Hospital | El Nido Community Hospital | Sibuto District Hospital
3000000,3,3,Claver Infirmary | San Miguel Community Hospital | Taft District Hospital
1700000,3,3,Guinsiliban BUCAS Center | Mahinog BUCAS Center | Tacloban City Hospital
180000,3,3,Bureau of Quarantine - Clark Station | Bureau of Quarantine - Davao Station | Pilar District Hospital
350000000,2,2,Central Luzon Center for Health Development (Clark Multi- Specialty Medical Center) | Liloy General Hospital
28500000,2,2,Luz-Sikatuna Community Primary Hospital | Negros Oriental Provincial Hospital
17500000,2,2,Cotabato Provincial Hospital | Talisay City Rural Health Unit
12000000,2,2,Balindong District Hospital | DOH DATRC - Agusan del Sur
9300000,2,2,La Carlota City Super Health Center | Tanudan Municipal Hospital
9200000,2,2,Barlig District Hospital | Calayan Infirmary Hospital
8000000,2,2,Alegria Rural Health Unit | Dupax District Hospital
5500000,2,2,Datu Halun Sakilan Memorial Hospital - Boggao | La Castellana Hospital
3500000,2,2,"Municipality of Bakun, Poblacion Barangay Health Station | Pacita Calizo-Cortes Health Center"
2300000,2,2,Barugo Municipal Hospital | Lianga District Hospital
1500000,2,2,"Burabod Barangay Health Station, Malinao | Tubigon Rural Health Unit II"
650000,2,2,Del Carmen District Hospital | Plaridel Rural Health Unit
550000,2,2,Gigaquit District Hospital | Socorro District Hospital
450000,2,2,Matalom Community Hospital | Pinukpuk District Hospital
440000,2,2,"City of Valenzuela, Polo Health Center | City of Valenzuela, Ugong 3S Health Center"
400000,2,2,Mina Barangay Health Station | Pagsanghan Rural Health Unit
190000,2,2,"City of Valenzuela, Malanday 3S Health Center | City of Valenzuela, Pinalagad Health Center"
170000,2,2,"City of Valenzuela, Rincon Health Center | Cortes Rural Health Unit"
110000,2,2,Bureau of Quarantine - Tabaco Station | Bureau of Quarantine - Zamboanga Station
610000000,1,1,Dr. Jose N. Rodriguez Memorial Hospital and Sanitarium
360000000,1,1,Cauayan City Medical Center
275000000,1,1,Laoag City General Hospital
200000000,1,1,West Visayas State University Medical Center
175000000,1,1,Bangui District Hospital
155000000,1,1,Rep. Pedro G. Trono Memorial Hospital
149703000,1,1,Camiguin General Hospital
130700000,1,1,DOH Central Office
130000000,1,1,SOCCSKSARGEN General Hospital
125000000,1,1,Cauayan District Hospital
120000000,1,1,ASENSO Misamis Occidental Medical Center
90000000,1,1,Samar Island Medical Center
70000000,1,1,Manuel A. Roxas District Hospital
65000000,1,1,Cagayan Valley Medical Center
62000000,1,1,Dr. Catalino Gallego Nava Provincial Hospital
60000000,1,1,Southern Tagalog Regional Hospital
49000000,1,1,Morong District Hospital
46500000,1,1,Victorias City Rural Health Unit
44200000,1,1,Cadiz City Hospital (Different Facility from Cadiz DISTRICT Hospital)
37000000,1,1,Adela Serra Ty Memorial Medical Center
33204000,1,1,Cadiz City District Hospital
31500000,1,1,Gov. Valeriano M. Gatuslao Memorial District Hospital
28000000,1,1,Gov. William Villegas Memorial Hospital
26300000,1,1,San Carlos City Hospital
23000000,1,1,Cong. Lamberto L. Macias Memorial Hospital
22300000,1,1,Bais City District Hospital
22000000,1,1,Tanjay City General Hospital
19365000,1,1,Ospital ng Malabon
16835000,1,1,Allen District Hospital
16000000,1,1,Oriental Mindoro Provincial Hospital
15240000,1,1,San Joaquin Mother & Child Hospital
15003000,1,1,Francisco Dagohoy Memorial Hospital
14600000,1,1,Jose C. Payumo Jr. Memorial Hospital
14500000,1,1,Concepcion District Hospital
14000000,1,1,"Alfredo E. Maranon, Sr. Memorial District Hospital"
12500000,1,1,Olutanga Municipal Hospital
11700000,1,1,Moncada District Hospital
10682000,1,1,Dona Josefa Edralin Marcos District Hospital
10347000,1,1,Tarangnan Community Hospital
9500000,1,1,Nuestra Seniora de Piat District Hospital
8400000,1,1,Navotas City Hospital
8065000,1,1,Dr. Gregorio B. Tan Memorial Hospital
7500000,1,1,Navotas Medical and Wellness Center
7000000,1,1,Sta. Ana Hospital
6900000,1,1,Tinoc District Hospital
6500000,1,1,Kalinga Provincial Hospital
4700000,1,1,Sumisip District Hospital
3750000,1,1,Cagniyog Super Health Center
3440000,1,1,Tapul Rural Health Unit
3200000,1,1,Oras District Hospital
3160000,1,1,Ronda Rural Health Unit
2800000,1,1,Albino Duran Memorial Hospital
2400000,1,1,Parang Rural Health Unit
2200000,1,1,Borbon Rural Health Unit II
2100000,1,1,Mina Primary Care Facility
1470000,1,1,Masiag Rural Health Unit Annex
1400000,1,1,Siay Rural Health Unit
1300000,1,1,Ormoc City Hospital
1200000,1,1,Corella Rural Health Unit
1180000,1,1,"Municipality of Caibiran, Asug Barangay Health Station"
1100000,1,1,Munai Super Health Center
600000,1,1,Dumaguete Rural Health Unit III
590000,1,1,"Municipality of Balangkayan, Balogo Barangay Health Station"
360000,1,1,Bayabas Municipal Health and Sanitation Office
300000,1,1,Allen Rural Health Unit
285000,1,1,"City of Valenzuela, Gen. T. de Leon (GTDL) Lying-in Clinic"
230000,1,1,"Municipality of Bontoc, Alab Oriente Barangay Health Station"
210000,1,1,Libjo Rural Health Unit
185000,1,1,"City of Caloocan, Barangay 180 Health Center"
150000,1,1,Mainit District Hospital
130000,1,1,Malimono District Hospital
125000,1,1,"Municipality of Sadanga, Betwagan Barangay Health Station"
120000,1,1,Cabawa Birthing Facility
95000,1,1,San Antonio District Hospital
55000,1,1,"City of Valenzuela, Mabolo Health Center"
