facility_type,amountPesos,facility_candidates,project_examples
Barangay Health Station,500000,47,"Andal Alinio Barangay Health Station | Bakal I Barangay Health Station | Bakal II Barangay Health Station | Bakal III Barangay Health Station | Baluga Barangay Health Station | Basang Hamog Barangay Health Station | Batitang Barangay Health Station | Bertese Barangay Health Station | Betes Barangay Health Station | Bibiclat Barangay Health Station | Bucot Barangay Health Station | Cabubulaunan Barangay Health Station | Caingin Tabing Ilog Barangay Health Station | Calipahan Barangay Health Station | Campos Barangay Health Station | Casulucan Este Barangay Health Station | Concepcion Barangay Health Station | Doña Lucia Barangay Health Station | Esguerra Barangay Health Station | Gulod Barangay Health Station | Ilong Baliwag Barangay Health Station | Maeling Barangay Health Station | Mambarao Barangay Health Station | Manacsac Barangay Health Station | Manaul Barangay Health Station | Matingkis Barangay Health Station | Mayantoc Barangay Health Station | Medico Barangay Health Station | Minabuyoc Barangay Health Station | Monic Barangay Health Station | Municipality of Sto. Domingo, San Agustin Barangay Health Station | Pantoc Bulac Barangay Health Station | Pinagpanaan Barangay Health Station | Pulong Bahay Barangay Health Station | Pulong Buli Barangay Health Station | Pulong San Miguel Barangay Health Station | San Alejandro Barangay Health Station | San Andres 1 Barangay Health Station | San Eustacio Barangay Health Station | San Manuel Barangay Health Station | San Miguel Barangay Health Station | Southwest Poblacion Barangay Health Station | Sto. Rosario Barangay Health Station | Sto. Tomas Barangay Health Station | Sto. Tomas Feria Barangay Health Station | Subol Barangay Health Station | Tabacao Barangay Health Station"
Barangay Health Station,135000,8,"Municipality of Bauko, Letang Satellite Barangay Health Station | Municipality of Bontoc, Bayyo Barangay Health Station | Municipality of Bontoc, Gonogon Barangay Health Station | Municipality of Bontoc, Poblacion Bontoc Barangay Health Station | Municipality of Malibcong, Buanao Barangay Health Station | Municipality of Malibcong, Pacgued Barangay Health Station | Municipality of Sadanga, Bekigan Barangay Health Station | Municipality of Sadanga, Samoki Barangay Health Station"
Barangay Health Station,115000,6,"Municipality of Barlig, Fiangtin Barangay Health Station | Municipality of Leto, Mina Barangay Health Station | Municipality of Natonin, Tappo Barangay Health Station | Municipality of Natonin, Tonglayan Barangay Health Station | Municipality of Paracelis, Butigue Barangay Health Station | Saclit Barangay Health Station"
Barangay Health Station,5000000,2,"Municipality of Conner Malama Brgy. Health Station (BHS) with Birthing Home | Sta. Filomena Brgy. Health Center (BHS), Municipality of Calanasan"
Barangay Health Station,2700000,2,"Municipality of Sagada, Nacangan Barangay Health Station | Municipality of Sagada, Taccong Barangay Health Station"
Barangay Health Station,2000000,2,"Municipality of Tubo, Tiempo Barangay Health Station | Tandu Barangay Health Station"
Barangay Health Station,10000000,1,Damilag Barangay Health Station
Barangay Health Station,4000000,1,"Municipality of Tumauini, Antagan 1st Barangay Health Station"
Barangay Health Station,3500000,1,"Municipality of Bakun, Poblacion Barangay Health Station"
Barangay Health Station,1500000,1,"Burabod Barangay Health Station, Malinao"
Barangay Health Station,1180000,1,"Municipality of Caibiran, Asug Barangay Health Station"
Barangay Health Station,1000000,1,"City of Catbalogan, Bagongon Barangay Health Station"
Barangay Health Station,590000,1,"Municipality of Balangkayan, Balogo Barangay Health Station"
Barangay Health Station,400000,1,Mina Barangay Health Station
Barangay Health Station,230000,1,"Municipality of Bontoc, Alab Oriente Barangay Health Station"
Barangay Health Station,160000,1,"Municipality of Natonin, Batnong Barangay Health Station"
Barangay Health Station,125000,1,"Municipality of Sadanga, Betwagan Barangay Health Station"
Blood Facility,15000000,3,Central Visayas Sub National Blood Center | Regional Blood Center | SOCCSKSARGEN Regional Blood Center
Dialysis / Renal,6000000,2,"Solana Renal & Diagnostic Center | Tigbauan, Iloilo Dialysis Center"
Dialysis / Renal,25000000,1,Guimbal Iloilo Dialysis Center
Dialysis / Renal,20000000,1,"Sara, Iloilo Dialysis Center"
Health Center,140000,7,"City of Caloocan, Bagong Silang Phase 10 Health Center | City of Caloocan, Bagong Silang Phase 2 Health Center | City of Caloocan, Bagumbong Main Health Center | City of Caloocan, Camarin 175 Health Center | City of Caloocan, Grace Park Health Center | City of Navotas, Tangos Health Center | City of Valenzuela, Canumay East Health Center"
Health Center,220000,4,"City of Valenzuela, Don Pedro Health Center | City of Valenzuela, Northville I Health Center | City of Valenzuela, Sitio Kabatuhan Health Center, City of Valenzuela | City of Valenzuela, Tagalag Health Center"
Health Center,440000,2,"City of Valenzuela, Polo Health Center | City of Valenzuela, Ugong 3S Health Center"
Health Center,190000,2,"City of Valenzuela, Malanday 3S Health Center | City of Valenzuela, Pinalagad Health Center"
Health Center,35000000,1,Tagbilaran City Super Mega Health Center
Health Center,8800000,1,"City of Navotas, Tanza Pabahay Health Center"
Health Center,5000000,1,Salao Community Health Center
Health Center,3500000,1,Pacita Calizo-Cortes Health Center
Health Center,3240000,1,"Poblacion Barangay Health Center, Sugbongcogon"
Health Center,2500000,1,Bobon Bagong Pilipinas Health Center
Health Center,1000000,1,Libertad Main Health Center
Health Center,500000,1,"Municipality of Guimba, San Agustin Barangay Health Center"
Health Center,185000,1,"City of Caloocan, Barangay 180 Health Center"
Health Center,170000,1,"City of Valenzuela, Rincon Health Center"
Health Center,55000,1,"City of Valenzuela, Mabolo Health Center"
Health Station,920000,1,Tudela Rural Health Station
Hospital / Infirmary,50000000,22,Angadanan Integrated Community Hospital | Bago City Hospital | Bataan General Hospital and Medical Center | Buenavista Emergency Hospital | Caraga Regional Hospital | Coron District Hospital | Davao de Oro Provincial Hospital - Laak | Davao de Oro Provincial Hospital - Maragusan | Eastern Samar Provincial Hospital | Governor Faustino N. Dy Sr. Memorial Hospital | Governor Roque B. Ablan Sr. Memorial Hospital | Iloilo Provincial Hospital | JR Borja General Hospital | Kidapawan City Hospital | Mandaue City Hospital | Mariano Marcos Memorial Hospital and Medical Center | North Samar Provincial Hospital | Northwestern Cagayan General Hospital | Pasay City General Hospital | San Antonio District Hospital | St. Bernadette Children and Maternity Hospital | Teresita L. Jalandoni Provincial Hospital
Hospital / Infirmary,10000000,20,Bagumbayan Infirmary | Batanes General Hospital | Biliran Provincial Hospital | Catarman District Hospital | Conner District Hospital Dialysis Center | Davao del Sur Provincial Hospital | Joni Villanueva General Hospital | Kasibu Municipal Hospital | Lubang District Hospital | Occidental Mindoro Provincial Hospital | Oriental Mindoro Central District Hospital | Ramon Maza Sr. Memorial District Hospital | Romblon District Hospital | San Jose District Hospital | San Marcelino District Hospital | Sibutad District Hospital | Sibuyan District Hospital | Sultan Kudarat Provincial Hospital | Talavera General Hospital | Tarlac City General Hospital
Hospital / Infirmary,20000000,16,"Bulan Medicare Hospital | Camiling District Hospital | Congressman Enrique ""Henry"" M. Cojuangco Memorial District Hospital | Cortes Municipal Hospital | Gilberto O. Teodoro Memorial Hospital | Gubat District Hospital | La Paz Medicare and Community Hospital | Leyte Provincial Hospital | Lucena City Hospital | Ospital ng Tagaytay | Paniqui General Hospital | Patnongon Community Hospital | Quezon Community Hospital | San Mateo Community Hospital | Sara District Hospital | Tarlac Provincial Hospital"
Hospital / Infirmary,25000000,11,Aborlan Medicare Hospital | Canlaon City District Hospital | Dr. Ramon B. Legaspi Sr. Memorial Hospital | Eversley Child Sanitarium and General Hospital | Justice Jose Abad Santos General Hospital | Misamis Oriental Provincial Hospital - Balingasag | Nueva Valencia District Hospital | Ospital Ng Paranaque I | Ospital ng Biñan | Roxas Community Hospital | San Pablo City District Hospital
Hospital / Infirmary,15000000,9,Bustos Community Hospital | Davao de Oro Provincial Hospital - Pantukan | General Emilio Aguinaldo Memorial Hospital | Gregorio Matas District Hospital | Las Piñas General Hospital and Satellite Trauma Center | Monkayo Community Infirmary | Ospital ng Muntinlupa | Ospital ng Sampaloc | Passi City Hospital
Hospital / Infirmary,40000000,6,Aurora Memorial Hospital | Davao del Norte Hospital- Kapalong Zone | Echague District Hospital | Laguna Regional Hospital | Mallig District Hospital | Mariveles Mental Wellness and General Hospital
Hospital / Infirmary,30000000,6,Angel Salazar Memorial General Hospital | Davao del Norte Hospital- Carmen Zone | Ospital Ng Paranaque II | Sta. Rosa City Community Hospital | Subic General Hospital | Western Visayas Sanitarium and General Hospital
Hospital / Infirmary,1750000,6,Bukidnon Provincial Hospital - Maramag | Dona Marida D. Tan Memorial Hospital | El Salvador Infirmary | Kapatagan Provincial Hospital | Lanao del Norte Provincial Hospital - Baroy | SM Lao Memorial City General Hospital
Hospital / Infirmary,13000000,5,Alicia District Hospital | Baggao District Hospital | Maguindanao Provincial Hospital | Novaliches District Hospital | Oriental Mindoro Southern District Hospital
Hospital / Infirmary,5000000,5,Cawayan Municipal Hospital | Itbayat Disctrict Hospital | Labo District Hospital | Lingig Community Hospital | Tinambac Municipal Hospital
Hospital / Infirmary,4000000,5,Carigara District Hospital | Lamitan District Hospital - Lamitan City | Languyan District Hospital | Loreto District Hospital | Northwestern Leyte District Hospital
Hospital / Infirmary,100000000,4,Guimba District Hospital | North Eastern Misamis General Hospital | Siquijor Provincial Hospital | South Cotabato Provincial Hospital
Hospital / Infirmary,80000000,4,First Misamis Oriental General Hospital | Ospital ng Lungsod San Jose del Monte | St. Paul Hospital | Sto. Domingo District Hospital
Hospital / Infirmary,13500000,4,Bindoy District Hospital | Don Salvador Benedicto Memorial District Hospital | Lasam District Hospital | Nueva Vizcaya Provincial Hospital
Hospital / Infirmary,6000000,4,Buluan District Hospital - Buluan | Datu Blah Sinsuat District Hospital - Upi | Datu Odin Sinsuat District Hospital | Felipe Abrigo Memorial Hospital
Hospital / Infirmary,75000000,3,Candaba Municipal Infirmary | Capiz General Hospital | Davao Occidental General Hospital
Hospital / Infirmary,35000000,3,Cotabato Sanitarium and General Hospital | Kidapawan City General Hospital | Lazi Medicare Community Hospital
Hospital / Infirmary,26500000,3,Bayawan District Hospital | Ibajay District Hospital | Iranon Provincial Hospital
Hospital / Infirmary,11500000,3,Besao District Hospital | Paracelis District Hospital | Romblon Provincial Hospital
Hospital / Infirmary,9000000,3,Marinduque Provincial Hospital | Valladolid District Hospital | Wao District Hospital
Hospital / Infirmary,4500000,3,Araceli Dumaran District Hospital | El Nido Community Hospital | Sibuto District Hospital
Hospital / Infirmary,3000000,3,Claver Infirmary | San Miguel Community Hospital | Taft District Hospital
Hospital / Infirmary,2900000,3,Davao Prison and Penal Farm Hospital | Davao del Norte Hospital - Kapalong | Malita Womens and Child Hospital - Malita
Hospital / Infirmary,28500000,2,Luz-Sikatuna Community Primary Hospital | Negros Oriental Provincial Hospital
Hospital / Infirmary,9200000,2,Barlig District Hospital | Calayan Infirmary Hospital
Hospital / Infirmary,5500000,2,Datu Halun Sakilan Memorial Hospital - Boggao | La Castellana Hospital
Hospital / Infirmary,5400000,2,Dr. Tomas Nolasco Sr. Memorial Hospital | Masantol Community Hospital in Pampanga
Hospital / Infirmary,2500000,2,Torrijos Municipal Hospital | Western Kalinga District Hospital
Hospital / Infirmary,2300000,2,Barugo Municipal Hospital | Lianga District Hospital
Hospital / Infirmary,1000000,2,Marihatag District Hospital | Surigao del Norte Provincial Hospital
Hospital / Infirmary,550000,2,Gigaquit District Hospital | Socorro District Hospital
Hospital / Infirmary,450000,2,Matalom Community Hospital | Pinukpuk District Hospital
Hospital / Infirmary,610000000,1,Dr. Jose N. Rodriguez Memorial Hospital and Sanitarium
Hospital / Infirmary,350000000,1,Liloy General Hospital
Hospital / Infirmary,275000000,1,Laoag City General Hospital
Hospital / Infirmary,175000000,1,Bangui District Hospital
Hospital / Infirmary,155000000,1,Rep. Pedro G. Trono Memorial Hospital
Hospital / Infirmary,149703000,1,Camiguin General Hospital
Hospital / Infirmary,130000000,1,SOCCSKSARGEN General Hospital
Hospital / Infirmary,125000000,1,Cauayan District Hospital
Hospital / Infirmary,70000000,1,Manuel A. Roxas District Hospital
Hospital / Infirmary,62000000,1,Dr. Catalino Gallego Nava Provincial Hospital
Hospital / Infirmary,60000000,1,Southern Tagalog Regional Hospital
Hospital / Infirmary,49000000,1,Morong District Hospital
Hospital / Infirmary,44200000,1,Cadiz City Hospital (Different Facility from Cadiz DISTRICT Hospital)
Hospital / Infirmary,33204000,1,Cadiz City District Hospital
Hospital / Infirmary,31500000,1,Gov. Valeriano M. Gatuslao Memorial District Hospital
Hospital / Infirmary,28000000,1,Gov. William Villegas Memorial Hospital
Hospital / Infirmary,26300000,1,San Carlos City Hospital
Hospital / Infirmary,23000000,1,Cong. Lamberto L. Macias Memorial Hospital
Hospital / Infirmary,22300000,1,Bais City District Hospital
Hospital / Infirmary,22000000,1,Tanjay City General Hospital
Hospital / Infirmary,19365000,1,Ospital ng Malabon
Hospital / Infirmary,17500000,1,Cotabato Provincial Hospital
Hospital / Infirmary,16835000,1,Allen District Hospital
Hospital / Infirmary,16000000,1,Oriental Mindoro Provincial Hospital
Hospital / Infirmary,15240000,1,San Joaquin Mother & Child Hospital
Hospital / Infirmary,15003000,1,Francisco Dagohoy Memorial Hospital
Hospital / Infirmary,14600000,1,Jose C. Payumo Jr. Memorial Hospital
Hospital / Infirmary,14500000,1,Concepcion District Hospital
Hospital / Infirmary,14000000,1,"Alfredo E. Maranon, Sr. Memorial District Hospital"
Hospital / Infirmary,12500000,1,Olutanga Municipal Hospital
Hospital / Infirmary,12000000,1,Balindong District Hospital
Hospital / Infirmary,11700000,1,Moncada District Hospital
Hospital / Infirmary,10682000,1,Dona Josefa Edralin Marcos District Hospital
Hospital / Infirmary,10347000,1,Tarangnan Community Hospital
Hospital / Infirmary,9500000,1,Nuestra Seniora de Piat District Hospital
Hospital / Infirmary,9300000,1,Tanudan Municipal Hospital
Hospital / Infirmary,8400000,1,Navotas City Hospital
Hospital / Infirmary,8065000,1,Dr. Gregorio B. Tan Memorial Hospital
Hospital / Infirmary,8000000,1,Dupax District Hospital
Hospital / Infirmary,7000000,1,Sta. Ana Hospital
Hospital / Infirmary,6900000,1,Tinoc District Hospital
Hospital / Infirmary,6500000,1,Kalinga Provincial Hospital
Hospital / Infirmary,5800000,1,Tarangan Community Hospital
Hospital / Infirmary,4700000,1,Sumisip District Hospital
Hospital / Infirmary,3200000,1,Oras District Hospital
Hospital / Infirmary,2800000,1,Albino Duran Memorial Hospital
Hospital / Infirmary,2000000,1,Philippine General Hospital
Hospital / Infirmary,1700000,1,Tacloban City Hospital
Hospital / Infirmary,1300000,1,Ormoc City Hospital
Hospital / Infirmary,650000,1,Del Carmen District Hospital
Hospital / Infirmary,500000,1,Sta. Monica District Hospital
Hospital / Infirmary,180000,1,Pilar District Hospital
Hospital / Infirmary,150000,1,Mainit District Hospital
Hospital / Infirmary,130000,1,Malimono District Hospital
Hospital / Infirmary,95000,1,San Antonio District Hospital
Laboratory,20000000,3,Region II Sub National Reference Laboratory | SOCCSKSARGEN Sub National Reference Laboratory | Sub National Reference Laboratory
Laboratory,10000000,1,Regional Public Health Laboratory (Non-Infectious)
Other named facility,50000000,4,Amai Pakpak Medical Center | Cebu South Medical Center | Dr. Paulino J. Garcia Memorial Research and Medical Center | Region I Medical Center
Other named facility,20000000,4,Cotabato Regional and Medical Center | Davao Regional Medical Center | Mandaluyong City Medical Center | San Juan Medical Center
Other named facility,15000000,4,Bulacan Medical Center | Davao Oriental Provincial Medical Center - Cateel | Davao Oriental Provincial Medical Center - Manay | National Center for Mental Health
Other named facility,2500000,4,Dipolog City Health Office | Mawab Municipal Health Office | New Bataan Rural Heath Unit | Pantukan Municipal Health Office
Other named facility,100000000,2,Mayor Hilarion A. Ramiro Sr. Medical Center | Valenzuela Medical Center
Other named facility,80000000,2,Batangas Provincial Medical Center | Valenzuela Health Medical Center (ValHealth)
Other named facility,30000000,2,Ilocos Training and Regional Medical Center | Western Visayas Medical Center
Other named facility,10000000,2,Dr. George Tocao Hofer Medical Center | Zamboanga del Sur Medical Center
Other named facility,2900000,2,Catbalogan City Health Office | Ormoc City Health Office
Other named facility,1700000,2,Guinsiliban BUCAS Center | Mahinog BUCAS Center
Other named facility,1000000,2,Plaridel BUCAS Center | San Pascual Birthing Facility II
Other named facility,360000000,1,Cauayan City Medical Center
Other named facility,350000000,1,Central Luzon Center for Health Development (Clark Multi- Specialty Medical Center)
Other named facility,200000000,1,West Visayas State University Medical Center
Other named facility,130700000,1,DOH Central Office
Other named facility,120000000,1,ASENSO Misamis Occidental Medical Center
Other named facility,90000000,1,Samar Island Medical Center
Other named facility,75000000,1,Butuan Medical Center
Other named facility,65000000,1,Cagayan Valley Medical Center
Other named facility,40000000,1,Southern Luzon Multi-Specialty Medical Center
Other named facility,37000000,1,Adela Serra Ty Memorial Medical Center
Other named facility,35000000,1,Basilan Medical Center
Other named facility,25000000,1,Eastern Bicol Medical Center
Other named facility,7500000,1,Navotas Medical and Wellness Center
Other named facility,5400000,1,Capas Medical Complex
Other named facility,920000,1,Tabuk City Health Office
Other named facility,360000,1,Bayabas Municipal Health and Sanitation Office
Other named facility,285000,1,"City of Valenzuela, Gen. T. de Leon (GTDL) Lying-in Clinic"
Other named facility,120000,1,Cabawa Birthing Facility
Primary Care Facility,2900000,3,Cordova Primary Care Facility | Pontevedra Primary Care Facility | President Roxas Primary Care Facility
Primary Care Facility,2700000,1,San Dionisio Primary Care Facility
Primary Care Facility,2100000,1,Mina Primary Care Facility
Quarantine Facility,180000,2,Bureau of Quarantine - Clark Station | Bureau of Quarantine - Davao Station
Quarantine Facility,160000,2,Bureau of Quarantine - Cebu Station | Bureau of Quarantine - Iloilo Station
Quarantine Facility,110000,2,Bureau of Quarantine - Tabaco Station | Bureau of Quarantine - Zamboanga Station
Quarantine Facility,220000,1,Bureau of Quarantine - Manila Station
Rehabilitation Facility,15000000,7,"DOH DATRC - Cagayan de Oro | DOH DATRC - Caraga | DOH DATRC - Dulag, Leyte | DOH DATRC - Malagos, Davao | DOH DATRC - Pototan, Iloilo | DOH DATRC - San Fernando, Camarines Sur | DOH Mega Drug Abuse Treatment and Rehabilitation Center"
Rehabilitation Facility,20000000,3,DOH DATRC - CALABARZON | DOH DATRC - Malinao | DOH DATRC - Tagaytay
Rehabilitation Facility,10000000,2,"DOH DATRC - Bukidnon | DOH DATRC - Ilagan, Isabela"
Rehabilitation Facility,50000000,1,"DOH DATRC - Pilar, Bataan"
Rehabilitation Facility,25000000,1,"DOH DATRC - San Fernando, La Union"
Rehabilitation Facility,13000000,1,DOH DATRC - Dagupan
Rehabilitation Facility,12000000,1,DOH DATRC - Agusan del Sur
Rehabilitation Facility,5000000,1,DOH DATRC - Zamboanga
Rehabilitation Facility,4000000,1,"DOH DATRC - Bauko, Mountain Province"
Rehabilitation Facility,2000000,1,DOH DATRC - SOCCSKSARGEN
Rural Health Unit,2900000,10,Cauayan Rural Health Unit | Condoni Rural Health Unit | Guihulngan Rural Health Unit | Hinoba-an Rural Health Unit | Maripipi Rural Health Unit | Pulupandan Rural Health Unit | Sipalay Rural Health Unit | Tago Rural Health Unit | Tanjay City Rural Health Unit | Vallehermoso Rural Health Unit
Rural Health Unit,920000,8,Manabo Rural Health Unit | Pasil Rural Health Unit | Pinukpuk Rural Health Unit II | Rizal Rural Health Unit | Tabuk Rural Health Unit II | Tabuk Rural Health Unit IV | Tanudan Rural Health Unit | Tinglayan Rural Health Unit
Rural Health Unit,1000000,5,Dinagat Rural Health Unit | Loreto Municipal Health Office (Rural Health Unit) | Pinukpuk Rural Health Unit I | Tabuk Rural Health Unit I | Tabuk Rural Health Unit III
Rural Health Unit,2500000,4,Compostela Rural Health Unit | Maragusan Rural Health Unit | Monkayo Rural Health Unit | Montevista Rural Health Unit
Rural Health Unit,135000,4,Bontoc Rural Health Unit | Conner Rural Health Unit | Hingyon Rural Health Unit | Mayoyao Rural Health Unit
Rural Health Unit,6000000,3,Pikit 1 Cluser Rural Health Unit | Pikit 2 Cluser Rural Health Unit | Pikit 3 Cluser Rural Health Unit
Rural Health Unit,8800000,2,Amlan Rural Health Unit | Mabinay Rural Health Unit
Rural Health Unit,5800000,2,Bago City Rural Health Unit | Ilog Rural Health Unit
Rural Health Unit,46500000,1,Victorias City Rural Health Unit
Rural Health Unit,17500000,1,Talisay City Rural Health Unit
Rural Health Unit,8000000,1,Alegria Rural Health Unit
Rural Health Unit,5000000,1,Midsayap Rural Health Unit
Rural Health Unit,4000000,1,Bindoy Rural Health Unit
Rural Health Unit,3440000,1,Tapul Rural Health Unit
Rural Health Unit,3160000,1,Ronda Rural Health Unit
Rural Health Unit,2700000,1,"Tabuk City, Kalinga Rural Health Unit"
Rural Health Unit,2400000,1,Parang Rural Health Unit
Rural Health Unit,2200000,1,Borbon Rural Health Unit II
Rural Health Unit,1500000,1,Tubigon Rural Health Unit II
Rural Health Unit,1470000,1,Masiag Rural Health Unit Annex
Rural Health Unit,1400000,1,Siay Rural Health Unit
Rural Health Unit,1200000,1,Corella Rural Health Unit
Rural Health Unit,650000,1,Plaridel Rural Health Unit
Rural Health Unit,600000,1,Dumaguete Rural Health Unit III
Rural Health Unit,400000,1,Pagsanghan Rural Health Unit
Rural Health Unit,300000,1,Allen Rural Health Unit
Rural Health Unit,210000,1,Libjo Rural Health Unit
Rural Health Unit,170000,1,Cortes Rural Health Unit
Rural Health Unit,160000,1,Tudela Rural Health Unit
Rural Health Unit,140000,1,Lianga Rural Health Unit
Super Health Center,2500000,9,Balasiao Super Health Center | Capul Super Health Center | Carmen Super Health Center | Davao del Sur Super Health Center | Gingoog Super Health Center | Jaro Super Health Center | Leyte Super Health Center | Mahayag Super Health Center | Sta. Rita Super Health Center
Super Health Center,2900000,7,General Luna Super Health Center | Luna Super Health Center - Surigao City | Obando Super Health Center | Panitan Super Health Center | Roxas City Super Health Center | Sigma Super Health Center | Tandag Super Health Center
Super Health Center,3240000,6,"Batad, Iloilo Super Health Center | Coron, Palawan Super Health Center | Laurel, Batangas Super Health Center | Malilipon, Albay Super Health Center | Palapag Super Health Center | Zarraga Super Health Center"
Super Health Center,10000000,3,"Barangay II, Quezon Super Health Center | Miagao Super Health Center | Poblacion Sur, Licab Super Health Center"
Super Health Center,5000000,2,"City of Navotas, Bagumbayan Super Health Center | City of Navotas, Tangos North Super Health Center"
Super Health Center,25000000,1,Saint Francis II Super Health Center
Super Health Center,9300000,1,La Carlota City Super Health Center
Super Health Center,8800000,1,"City of Navotas, Kaunlaran Super Health Center"
Super Health Center,3750000,1,Cagniyog Super Health Center
Super Health Center,1750000,1,Dauis Super Health Center
Super Health Center,1100000,1,Munai Super Health Center
Super Health Center,220000,1,San Roque Super Health Center
