amountPesos,amountInfrastructurePesos,amountMedicalEquipmentPesos,amountMotorVehiclePesos,facility_candidates,project_examples
500000,,500000,,49,"Andal Alinio Barangay Health Station | Bakal I Barangay Health Station | Bakal II Barangay Health Station | Bakal III Barangay Health Station | Baluga Barangay Health Station | Basang Hamog Barangay Health Station | Batitang Barangay Health Station | Bertese Barangay Health Station | Betes Barangay Health Station | Bibiclat Barangay Health Station | Bucot Barangay Health Station | Cabubulaunan Barangay Health Station | Caingin Tabing Ilog Barangay Health Station | Calipahan Barangay Health Station | Campos Barangay Health Station | Casulucan Este Barangay Health Station | Concepcion Barangay Health Station | Doña Lucia Barangay Health Station | Esguerra Barangay Health Station | Gulod Barangay Health Station | Ilong Baliwag Barangay Health Station | Maeling Barangay Health Station | Mambarao Barangay Health Station | Manacsac Barangay Health Station | Manaul Barangay Health Station | Matingkis Barangay Health Station | Mayantoc Barangay Health Station | Medico Barangay Health Station | Minabuyoc Barangay Health Station | Monic Barangay Health Station | Municipality of Guimba, San Agustin Barangay Health Center | Municipality of Sto. Domingo, San Agustin Barangay Health Station | Pantoc Bulac Barangay Health Station | Pinagpanaan Barangay Health Station | Pulong Bahay Barangay Health Station | Pulong Buli Barangay Health Station | Pulong San Miguel Barangay Health Station | San Alejandro Barangay Health Station | San Andres 1 Barangay Health Station | San Eustacio Barangay Health Station | San Manuel Barangay Health Station | San Miguel Barangay Health Station | Southwest Poblacion Barangay Health Station | Sta. Monica District Hospital | Sto. Rosario Barangay Health Station | Sto. Tomas Barangay Health Station | Sto. Tomas Feria Barangay Health Station | Subol Barangay Health Station | Tabacao Barangay Health Station"
15000000,15000000,,,19,"Bulacan Medical Center | Central Visayas Sub National Blood Center | DOH DATRC - Cagayan de Oro | DOH DATRC - Caraga | DOH DATRC - Dulag, Leyte | DOH DATRC - Malagos, Davao | DOH DATRC - Pototan, Iloilo | DOH DATRC - San Fernando, Camarines Sur | DOH Mega Drug Abuse Treatment and Rehabilitation Center | Davao Oriental Provincial Medical Center - Cateel | Davao Oriental Provincial Medical Center - Manay | Davao de Oro Provincial Hospital - Pantukan | Gregorio Matas District Hospital | Las Piñas General Hospital and Satellite Trauma Center | Monkayo Community Infirmary | National Center for Mental Health | Ospital ng Sampaloc | Regional Blood Center | SOCCSKSARGEN Regional Blood Center"
10000000,10000000,,,17,"Bagumbayan Infirmary | Conner District Hospital Dialysis Center | DOH DATRC - Bukidnon | DOH DATRC - Ilagan, Isabela | Damilag Barangay Health Station | Davao del Sur Provincial Hospital | Dr. George Tocao Hofer Medical Center | Kasibu Municipal Hospital | Lubang District Hospital | Occidental Mindoro Provincial Hospital | Oriental Mindoro Central District Hospital | Ramon Maza Sr. Memorial District Hospital | Regional Public Health Laboratory (Non-Infectious) | San Jose District Hospital | Sibutad District Hospital | Tarlac City General Hospital | Zamboanga del Sur Medical Center"
2900000,,2900000,,15,Catbalogan City Health Office | Cauayan Rural Health Unit | Condoni Rural Health Unit | Hinoba-an Rural Health Unit | Maripipi Rural Health Unit | Obando Super Health Center | Ormoc City Health Office | Panitan Super Health Center | Pontevedra Primary Care Facility | President Roxas Primary Care Facility | Pulupandan Rural Health Unit | Roxas City Super Health Center | Sigma Super Health Center | Sipalay Rural Health Unit | Tago Rural Health Unit
50000000,,50000000,,14,Amai Pakpak Medical Center | Buenavista Emergency Hospital | Caraga Regional Hospital | Cebu South Medical Center | Davao de Oro Provincial Hospital - Maragusan | Dr. Paulino J. Garcia Memorial Research and Medical Center | Eastern Samar Provincial Hospital | Iloilo Provincial Hospital | Kidapawan City Hospital | Mariano Marcos Memorial Hospital and Medical Center | North Samar Provincial Hospital | Region I Medical Center | St. Bernadette Children and Maternity Hospital | Teresita L. Jalandoni Provincial Hospital
20000000,20000000,,,14,"Bulan Medicare Hospital | Cortes Municipal Hospital | DOH DATRC - CALABARZON | DOH DATRC - Tagaytay | Davao Regional Medical Center | Gubat District Hospital | La Paz Medicare and Community Hospital | Lucena City Hospital | Patnongon Community Hospital | Region II Sub National Reference Laboratory | SOCCSKSARGEN Sub National Reference Laboratory | Sara District Hospital | Sara, Iloilo Dialysis Center | Sub National Reference Laboratory"
10000000,,10000000,,12,"Barangay II, Quezon Super Health Center | Batanes General Hospital | Biliran Provincial Hospital | Catarman District Hospital | Joni Villanueva General Hospital | Miagao Super Health Center | Poblacion Sur, Licab Super Health Center | Romblon District Hospital | San Marcelino District Hospital | Sibuyan District Hospital | Sultan Kudarat Provincial Hospital | Talavera General Hospital"
2500000,2500000,,,12,Balasiao Super Health Center | Bobon Bagong Pilipinas Health Center | Capul Super Health Center | Carmen Super Health Center | Davao del Sur Super Health Center | Dipolog City Health Office | Gingoog Super Health Center | Jaro Super Health Center | Leyte Super Health Center | Mahayag Super Health Center | Sta. Rita Super Health Center | Western Kalinga District Hospital
135000,,135000,,12,"Bontoc Rural Health Unit | Conner Rural Health Unit | Hingyon Rural Health Unit | Mayoyao Rural Health Unit | Municipality of Bauko, Letang Satellite Barangay Health Station | Municipality of Bontoc, Bayyo Barangay Health Station | Municipality of Bontoc, Gonogon Barangay Health Station | Municipality of Bontoc, Poblacion Bontoc Barangay Health Station | Municipality of Malibcong, Buanao Barangay Health Station | Municipality of Malibcong, Pacgued Barangay Health Station | Municipality of Sadanga, Bekigan Barangay Health Station | Municipality of Sadanga, Samoki Barangay Health Station"
20000000,,20000000,,11,"Camiling District Hospital | Congressman Enrique ""Henry"" M. Cojuangco Memorial District Hospital | Cotabato Regional and Medical Center | Leyte Provincial Hospital | Mandaluyong City Medical Center | Ospital ng Tagaytay | Paniqui General Hospital | Quezon Community Hospital | San Juan Medical Center | San Mateo Community Hospital | Tarlac Provincial Hospital"
50000000,50000000,,,10,"Bago City Hospital | Bataan General Hospital and Medical Center | DOH DATRC - Pilar, Bataan | Davao de Oro Provincial Hospital - Laak | Governor Faustino N. Dy Sr. Memorial Hospital | Governor Roque B. Ablan Sr. Memorial Hospital | JR Borja General Hospital | Mandaue City Hospital | Northwestern Cagayan General Hospital | San Antonio District Hospital"
2900000,2900000,,,10,Cordova Primary Care Facility | Davao Prison and Penal Farm Hospital | Davao del Norte Hospital - Kapalong | General Luna Super Health Center | Guihulngan Rural Health Unit | Luna Super Health Center - Surigao City | Malita Womens and Child Hospital - Malita | Tandag Super Health Center | Tanjay City Rural Health Unit | Vallehermoso Rural Health Unit
920000,,920000,,10,Manabo Rural Health Unit | Pasil Rural Health Unit | Pinukpuk Rural Health Unit II | Rizal Rural Health Unit | Tabuk City Health Office | Tabuk Rural Health Unit II | Tabuk Rural Health Unit IV | Tanudan Rural Health Unit | Tinglayan Rural Health Unit | Tudela Rural Health Station
5000000,5000000,,,8,"City of Navotas, Bagumbayan Super Health Center | City of Navotas, Tangos North Super Health Center | Labo District Hospital | Lingig Community Hospital | Midsayap Rural Health Unit | Municipality of Conner Malama Brgy. Health Station (BHS) with Birthing Home | Salao Community Health Center | Sta. Filomena Brgy. Health Center (BHS), Municipality of Calanasan"
2500000,,2500000,,8,Compostela Rural Health Unit | Maragusan Rural Health Unit | Mawab Municipal Health Office | Monkayo Rural Health Unit | Montevista Rural Health Unit | New Bataan Rural Heath Unit | Pantukan Municipal Health Office | Torrijos Municipal Hospital
140000,,140000,,8,"City of Caloocan, Bagong Silang Phase 10 Health Center | City of Caloocan, Bagong Silang Phase 2 Health Center | City of Caloocan, Bagumbong Main Health Center | City of Caloocan, Camarin 175 Health Center | City of Caloocan, Grace Park Health Center | City of Navotas, Tangos Health Center | City of Valenzuela, Canumay East Health Center | Lianga Rural Health Unit"
25000000,25000000,,,7,Aborlan Medicare Hospital | Dr. Ramon B. Legaspi Sr. Memorial Hospital | Eversley Child Sanitarium and General Hospital | Nueva Valencia District Hospital | Ospital ng Biñan | Saint Francis II Super Health Center | San Pablo City District Hospital
25000000,,25000000,,7,"DOH DATRC - San Fernando, La Union | Eastern Bicol Medical Center | Guimbal Iloilo Dialysis Center | Justice Jose Abad Santos General Hospital | Misamis Oriental Provincial Hospital - Balingasag | Ospital Ng Paranaque I | Roxas Community Hospital"
4000000,4000000,,,6,"Bindoy Rural Health Unit | DOH DATRC - Bauko, Mountain Province | Lamitan District Hospital - Lamitan City | Languyan District Hospital | Loreto District Hospital | Municipality of Tumauini, Antagan 1st Barangay Health Station"
3240000,2700000,540000,,6,"Batad, Iloilo Super Health Center | Coron, Palawan Super Health Center | Laurel, Batangas Super Health Center | Malilipon, Albay Super Health Center | Palapag Super Health Center | Zarraga Super Health Center"
1750000,1750000,,,6,Bukidnon Provincial Hospital - Maramag | Dauis Super Health Center | Dona Marida D. Tan Memorial Hospital | El Salvador Infirmary | Lanao del Norte Provincial Hospital - Baroy | SM Lao Memorial City General Hospital
1000000,1000000,,,6,"City of Catbalogan, Bagongon Barangay Health Station | Dinagat Rural Health Unit | Libertad Main Health Center | Loreto Municipal Health Office (Rural Health Unit) | Plaridel BUCAS Center | San Pascual Birthing Facility II"
220000,,220000,,6,"Bureau of Quarantine - Manila Station | City of Valenzuela, Don Pedro Health Center | City of Valenzuela, Northville I Health Center | City of Valenzuela, Sitio Kabatuhan Health Center, City of Valenzuela | City of Valenzuela, Tagalag Health Center | San Roque Super Health Center"
115000,,115000,,6,"Municipality of Barlig, Fiangtin Barangay Health Station | Municipality of Leto, Mina Barangay Health Station | Municipality of Natonin, Tappo Barangay Health Station | Municipality of Natonin, Tonglayan Barangay Health Station | Municipality of Paracelis, Butigue Barangay Health Station | Saclit Barangay Health Station"
30000000,,30000000,,5,Davao del Norte Hospital- Carmen Zone | Ilocos Training and Regional Medical Center | Ospital Ng Paranaque II | Sta. Rosa City Community Hospital | Subic General Hospital
6000000,,6000000,,5,Felipe Abrigo Memorial Hospital | Pikit 1 Cluser Rural Health Unit | Pikit 2 Cluser Rural Health Unit | Pikit 3 Cluser Rural Health Unit | Solana Renal & Diagnostic Center
1000000,,1000000,,5,Marihatag District Hospital | Pinukpuk Rural Health Unit I | Surigao del Norte Provincial Hospital | Tabuk Rural Health Unit I | Tabuk Rural Health Unit III
100000000,100000000,,,4,Mayor Hilarion A. Ramiro Sr. Medical Center | North Eastern Misamis General Hospital | South Cotabato Provincial Hospital | Valenzuela Medical Center
35000000,,35000000,,4,Cotabato Sanitarium and General Hospital | Kidapawan City General Hospital | Lazi Medicare Community Hospital | Tagbilaran City Super Mega Health Center
15000000,,15000000,,4,Bustos Community Hospital | General Emilio Aguinaldo Memorial Hospital | Ospital ng Muntinlupa | Passi City Hospital
13000000,13000000,,,4,Alicia District Hospital | Baggao District Hospital | DOH DATRC - Dagupan | Oriental Mindoro Southern District Hospital
6000000,6000000,,,4,"Buluan District Hospital - Buluan | Datu Blah Sinsuat District Hospital - Upi | Datu Odin Sinsuat District Hospital | Tigbauan, Iloilo Dialysis Center"
5000000,,5000000,,4,Cawayan Municipal Hospital | DOH DATRC - Zamboanga | Itbayat Disctrict Hospital | Tinambac Municipal Hospital
2700000,2700000,,,4,"Municipality of Sagada, Nacangan Barangay Health Station | Municipality of Sagada, Taccong Barangay Health Station | San Dionisio Primary Care Facility | Tabuk City, Kalinga Rural Health Unit"
160000,,160000,,4,"Bureau of Quarantine - Cebu Station | Bureau of Quarantine - Iloilo Station | Municipality of Natonin, Batnong Barangay Health Station | Tudela Rural Health Unit"
40000000,40000000,,,3,Laguna Regional Hospital | Mariveles Mental Wellness and General Hospital | Southern Luzon Multi-Specialty Medical Center
40000000,20000000,20000000,,3,Davao del Norte Hospital- Kapalong Zone | Echague District Hospital | Mallig District Hospital
13500000,13500000,,,3,Bindoy District Hospital | Lasam District Hospital | Nueva Vizcaya Provincial Hospital
8800000,,8800000,,3,"City of Navotas, Kaunlaran Super Health Center | City of Navotas, Tanza Pabahay Health Center | Mabinay Rural Health Unit"
5800000,,5800000,,3,Bago City Rural Health Unit | Ilog Rural Health Unit | Tarangan Community Hospital
180000,,180000,,3,Bureau of Quarantine - Clark Station | Bureau of Quarantine - Davao Station | Pilar District Hospital
100000000,50000000,50000000,,2,Guimba District Hospital | Siquijor Provincial Hospital
80000000,80000000,,,2,St. Paul Hospital | Valenzuela Health Medical Center (ValHealth)
80000000,,80000000,,2,Batangas Provincial Medical Center | Ospital ng Lungsod San Jose del Monte
75000000,,75000000,,2,Butuan Medical Center | Candaba Municipal Infirmary
50000000,30000000,20000000,,2,Angadanan Integrated Community Hospital | Coron District Hospital
17500000,,17500000,,2,Cotabato Provincial Hospital | Talisay City Rural Health Unit
13000000,,13000000,,2,Maguindanao Provincial Hospital | Novaliches District Hospital
12000000,12000000,,,2,Balindong District Hospital | DOH DATRC - Agusan del Sur
11500000,11500000,,,2,Besao District Hospital | Paracelis District Hospital
9200000,9200000,,,2,Barlig District Hospital | Calayan Infirmary Hospital
9000000,,9000000,,2,Marinduque Provincial Hospital | Valladolid District Hospital
8000000,8000000,,,2,Alegria Rural Health Unit | Dupax District Hospital
5500000,,5500000,,2,Datu Halun Sakilan Memorial Hospital - Boggao | La Castellana Hospital
5400000,5400000,,,2,Capas Medical Complex | Masantol Community Hospital in Pampanga
4500000,,4500000,,2,Araceli Dumaran District Hospital | El Nido Community Hospital
4000000,,4000000,,2,Carigara District Hospital | Northwestern Leyte District Hospital
3500000,3500000,,,2,"Municipality of Bakun, Poblacion Barangay Health Station | Pacita Calizo-Cortes Health Center"
3000000,,3000000,,2,Claver Infirmary | Taft District Hospital
2300000,,2300000,,2,Barugo Municipal Hospital | Lianga District Hospital
2000000,2000000,,,2,"Municipality of Tubo, Tiempo Barangay Health Station | Tandu Barangay Health Station"
2000000,,2000000,,2,DOH DATRC - SOCCSKSARGEN | Philippine General Hospital
1700000,1700000,,,2,Guinsiliban BUCAS Center | Mahinog BUCAS Center
650000,,650000,,2,Del Carmen District Hospital | Plaridel Rural Health Unit
550000,,550000,,2,Gigaquit District Hospital | Socorro District Hospital
450000,,450000,,2,Matalom Community Hospital | Pinukpuk District Hospital
440000,,440000,,2,"City of Valenzuela, Polo Health Center | City of Valenzuela, Ugong 3S Health Center"
190000,,190000,,2,"City of Valenzuela, Malanday 3S Health Center | City of Valenzuela, Pinalagad Health Center"
170000,,170000,,2,"City of Valenzuela, Rincon Health Center | Cortes Rural Health Unit"
110000,,110000,,2,Bureau of Quarantine - Tabaco Station | Bureau of Quarantine - Zamboanga Station
610000000,610000000,,,1,Dr. Jose N. Rodriguez Memorial Hospital and Sanitarium
360000000,360000000,,,1,Cauayan City Medical Center
350000000,150000000,200000000,,1,Central Luzon Center for Health Development (Clark Multi- Specialty Medical Center)
350000000,350000000,,,1,Liloy General Hospital
275000000,75000000,200000000,,1,Laoag City General Hospital
200000000,200000000,,,1,West Visayas State University Medical Center
175000000,175000000,,,1,Bangui District Hospital
155000000,155000000,,,1,Rep. Pedro G. Trono Memorial Hospital
149703000,90000000,59703000,,1,Camiguin General Hospital
130700000,,,130700000,1,DOH Central Office
130000000,130000000,,,1,SOCCSKSARGEN General Hospital
125000000,50000000,75000000,,1,Cauayan District Hospital
120000000,,120000000,,1,ASENSO Misamis Occidental Medical Center
90000000,80000000,10000000,,1,Samar Island Medical Center
80000000,60000000,20000000,,1,First Misamis Oriental General Hospital
80000000,30000000,50000000,,1,Sto. Domingo District Hospital
75000000,50000000,25000000,,1,Davao Occidental General Hospital
75000000,25000000,50000000,,1,Capiz General Hospital
70000000,30000000,40000000,,1,Manuel A. Roxas District Hospital
65000000,15000000,50000000,,1,Cagayan Valley Medical Center
62000000,30000000,32000000,,1,Dr. Catalino Gallego Nava Provincial Hospital
60000000,60000000,,,1,Southern Tagalog Regional Hospital
50000000,25000000,25000000,,1,Pasay City General Hospital
49000000,,49000000,,1,Morong District Hospital
46500000,35000000,11500000,,1,Victorias City Rural Health Unit
44200000,24200000,20000000,,1,Cadiz City Hospital (Different Facility from Cadiz DISTRICT Hospital)
40000000,10000000,30000000,,1,Aurora Memorial Hospital
37000000,,37000000,,1,Adela Serra Ty Memorial Medical Center
35000000,15000000,20000000,,1,Basilan Medical Center
33204000,19704000,13500000,,1,Cadiz City District Hospital
31500000,17500000,14000000,,1,Gov. Valeriano M. Gatuslao Memorial District Hospital
30000000,20000000,10000000,,1,Angel Salazar Memorial General Hospital
30000000,10000000,20000000,,1,Western Visayas Sanitarium and General Hospital
30000000,30000000,,,1,Western Visayas Medical Center
28500000,11500000,17000000,,1,Negros Oriental Provincial Hospital
28500000,9500000,19000000,,1,Luz-Sikatuna Community Primary Hospital
28000000,20000000,8000000,,1,Gov. William Villegas Memorial Hospital
26500000,20000000,6500000,,1,Iranon Provincial Hospital
26500000,15000000,11500000,,1,Ibajay District Hospital
26500000,13000000,13500000,,1,Bayawan District Hospital
26300000,17500000,8800000,,1,San Carlos City Hospital
25000000,18000000,7000000,,1,Canlaon City District Hospital
23000000,11500000,11500000,,1,Cong. Lamberto L. Macias Memorial Hospital
22300000,8800000,13500000,,1,Bais City District Hospital
22000000,22000000,,,1,Tanjay City General Hospital
20000000,15000000,5000000,,1,DOH DATRC - Malinao
20000000,10000000,10000000,,1,Gilberto O. Teodoro Memorial Hospital
19365000,,19365000,,1,Ospital ng Malabon
16835000,,16835000,,1,Allen District Hospital
16000000,16000000,,,1,Oriental Mindoro Provincial Hospital
15240000,15240000,,,1,San Joaquin Mother & Child Hospital
15003000,,15003000,,1,Francisco Dagohoy Memorial Hospital
14600000,,14600000,,1,Jose C. Payumo Jr. Memorial Hospital
14500000,14500000,,,1,Concepcion District Hospital
14000000,14000000,,,1,"Alfredo E. Maranon, Sr. Memorial District Hospital"
13500000,,13500000,,1,Don Salvador Benedicto Memorial District Hospital
12500000,12500000,,,1,Olutanga Municipal Hospital
11700000,11700000,,,1,Moncada District Hospital
11500000,,11500000,,1,Romblon Provincial Hospital
10682000,10682000,,,1,Dona Josefa Edralin Marcos District Hospital
10347000,,10347000,,1,Tarangnan Community Hospital
9500000,9500000,,,1,Nuestra Seniora de Piat District Hospital
9300000,6900000,2400000,,1,Tanudan Municipal Hospital
9300000,3500000,5800000,,1,La Carlota City Super Health Center
9000000,9000000,,,1,Wao District Hospital
8800000,8800000,,,1,Amlan Rural Health Unit
8400000,,8400000,,1,Navotas City Hospital
8065000,,8065000,,1,Dr. Gregorio B. Tan Memorial Hospital
7500000,,7500000,,1,Navotas Medical and Wellness Center
7000000,,7000000,,1,Sta. Ana Hospital
6900000,6900000,,,1,Tinoc District Hospital
6500000,,6500000,,1,Kalinga Provincial Hospital
5400000,,5400000,,1,Dr. Tomas Nolasco Sr. Memorial Hospital
4700000,4700000,,,1,Sumisip District Hospital
4500000,4500000,,,1,Sibuto District Hospital
3750000,1750000,2000000,,1,Cagniyog Super Health Center
3440000,2900000,540000,,1,Tapul Rural Health Unit
3240000,3000000,240000,,1,"Poblacion Barangay Health Center, Sugbongcogon"
3200000,,3200000,,1,Oras District Hospital
3160000,,3160000,,1,Ronda Rural Health Unit
3000000,3000000,,,1,San Miguel Community Hospital
2800000,,2800000,,1,Albino Duran Memorial Hospital
2400000,,2400000,,1,Parang Rural Health Unit
2200000,,2200000,,1,Borbon Rural Health Unit II
2100000,2100000,,,1,Mina Primary Care Facility
1750000,,1750000,,1,Kapatagan Provincial Hospital
1700000,,1700000,,1,Tacloban City Hospital
1500000,,1500000,,1,Tubigon Rural Health Unit II
1500000,1500000,,,1,"Burabod Barangay Health Station, Malinao"
1470000,1470000,,,1,Masiag Rural Health Unit Annex
1400000,,1400000,,1,Siay Rural Health Unit
1300000,,1300000,,1,Ormoc City Hospital
1200000,,1200000,,1,Corella Rural Health Unit
1180000,1180000,,,1,"Municipality of Caibiran, Asug Barangay Health Station"
1100000,,1100000,,1,Munai Super Health Center
600000,600000,,,1,Dumaguete Rural Health Unit III
590000,590000,,,1,"Municipality of Balangkayan, Balogo Barangay Health Station"
400000,,400000,,1,Pagsanghan Rural Health Unit
400000,400000,,,1,Mina Barangay Health Station
360000,,360000,,1,Bayabas Municipal Health and Sanitation Office
300000,,300000,,1,Allen Rural Health Unit
285000,,285000,,1,"City of Valenzuela, Gen. T. de Leon (GTDL) Lying-in Clinic"
230000,,230000,,1,"Municipality of Bontoc, Alab Oriente Barangay Health Station"
210000,210000,,,1,Libjo Rural Health Unit
185000,,185000,,1,"City of Caloocan, Barangay 180 Health Center"
150000,,150000,,1,Mainit District Hospital
130000,,130000,,1,Malimono District Hospital
125000,,125000,,1,"Municipality of Sadanga, Betwagan Barangay Health Station"
120000,120000,,,1,Cabawa Birthing Facility
95000,,95000,,1,San Antonio District Hospital
55000,,55000,,1,"City of Valenzuela, Mabolo Health Center"
