projectName,amountPesos,sourceVolume,sourcePage,sourceText,sourceContext,reviewNotes,reviewStatus
"Ilocos Norte - Ilocos Sur - Abra Irrigation Project, Stage 2",1000000000,2 - HB 10858 VOL IB.pdf,570,"Ilocos Norte - Ilocos Sur - Abra Irrigation Project, Stage 2 | 1,000,000,000","48 | Bayabas Irrigation Project, Bulacan | 100,000,000 | 49 | 50 | Ilocos Norte - Ilocos Sur - Abra Irrigation Project, Stage 2 | 1,000,000,000 | 51 | 52 | Lower Apayao River Irrigation Project, Apayao",[check project/PAP level and total amount in the NIA schedule],candidate; verify against PDF
"Balog - Balog Multipurpose Project Phase II, Tarlac",1000000000,2 - HB 10858 VOL IB.pdf,570,"Balog - Balog Multipurpose Project Phase II, Tarlac | 1,000,000,000","44 | Panay River Basin Integrated Development Project, Iloilo & Capiz | 100,000,000 | 45 | 46 | Balog - Balog Multipurpose Project Phase II, Tarlac | 1,000,000,000 | 47 | 48 | Bayabas Irrigation Project, Bulacan",[check project/PAP level and total amount in the NIA schedule],candidate; verify against PDF
"Tumauini River Multipurpose Project, Isabela",1000000000,2 - HB 10858 VOL IB.pdf,570,"Tumauini River Multipurpose Project, Isabela | 1,000,000,000","40 | New National Irrigation Sub-Program | 5,650,000,000 | 41 | 42 | Tumauini River Multipurpose Project, Isabela | 1,000,000,000 | 43 | 44 | Panay River Basin Integrated Development Project, Iloilo & Capiz | 100,000,000",[check project/PAP level and total amount in the NIA schedule],candidate; verify against PDF
"Jalaur River Multi Purpose Project, Stage II, Iloilo Korea EDCF Loan No. PHL-15",961321000,2 - HB 10858 VOL IB.pdf,572,"Jalaur River Multi Purpose Project, Stage II, Iloilo Korea EDCF Loan No. PHL-15 | 961,321,000","9 | Foreign - Assisted Project(s) | 10 | 11 | Jalaur River Multi Purpose Project, Stage II, | 12 | Iloilo Korea EDCF Loan No. PHL-15 | 961,321,000 | 13",[check project/PAP level and total amount in the NIA schedule],candidate; verify against PDF
"Tulunan Small Reservoir Irrigation Project (SRIP), North Cotabato",850000000,2 - HB 10858 VOL IB.pdf,570,"Tulunan Small Reservoir Irrigation Project (SRIP), North Cotabato | 850,000,000","8,466,950,000 | 23 | Irrigation Project (SRIP), Guimaras | 130,000,000 | 24 | 158,100,000 | 25 | Tulunan Small Reservoir | 26 | Irrigation Project (SRIP), North Cotabato | 850,000,000 | 27",[check project/PAP level and total amount in the NIA schedule],candidate; verify against PDF
"Cabiao Water Impounding Project, Nueva Ecija",500000000,2 - HB 10858 VOL IB.pdf,570,"Cabiao Water Impounding Project, Nueva Ecija | 500,000,000","1 | Sta. Filomena Irrigation Project, Cagayan | 250,000,000 | 615,375,000 | 2 | 3 | Cabiao Water Impounding Project, Nueva Ecija | 500,000,000 | 1,700,000,000 | 4 | 5 | Abuan River Irrigation Project, Isabela | 100,000,000",[check project/PAP level and total amount in the NIA schedule],candidate; verify against PDF
"Pantingan Small Reservoir Irrigation Project (SRIP), Bataan",500000000,2 - HB 10858 VOL IB.pdf,572,"Pantingan Small Reservoir Irrigation Project (SRIP), Bataan | 500,000,000","NUMBER “1”  | 1 | Pantingan Small Reservoir | 2 | Irrigation Project (SRIP), Bataan | 500,000,000 | 3",[check project/PAP level and total amount in the NIA schedule],candidate; verify against PDF
"Alimit Dam Multipurpose Irrigation Project, Isabela",500000000,2 - HB 10858 VOL IB.pdf,570,"Alimit Dam Multipurpose Irrigation Project, Isabela | 500,000,000","8 | Project, Cagayan | 100,000,000 | 3,315,375,000 | 9 | 10 | Alimit Dam Multipurpose Irrigation Project, Isabela | 500,000,000 | 11 | 12 | Ilaguen Multipurpose Irrigation & Hydropower Plant Project, Isabela",[check project/PAP level and total amount in the NIA schedule],candidate; verify against PDF
"Ilaguen Multipurpose Irrigation & Hydropower Plant Project, Isabela",500000000,2 - HB 10858 VOL IB.pdf,570,"Ilaguen Multipurpose Irrigation & Hydropower Plant Project, Isabela | 500,000,000","10 | Alimit Dam Multipurpose Irrigation Project, Isabela | 500,000,000 | 11 | 12 | Ilaguen Multipurpose Irrigation & Hydropower Plant Project, Isabela | 9,174,255,000 | 13 | 14 | Small Reservoir Irrigation Sub-Program | 4,044,000,000",[check project/PAP level and total amount in the NIA schedule],candidate; verify against PDF
"Dumuloc Small Reservoir Irrigation Project (SRIP), Pangasinan",400000000,2 - HB 10858 VOL IB.pdf,570,"Dumuloc Small Reservoir Irrigation Project (SRIP), Pangasinan | 400,000,000","26 | Irrigation Project (SRIP), North Cotabato | 850,000,000 | 27 | 200,000,000 | 28 | Dumuloc Small Reservoir | 29 | Irrigation Project (SRIP), Pangasinan | 400,000,000 | 698,067,000 | 30",[check project/PAP level and total amount in the NIA schedule],candidate; verify against PDF
"Calapangan Small Reservoir Irrigation Project (SRIP), Cagayan",300000000,2 - HB 10858 VOL IB.pdf,570,"Calapangan Small Reservoir Irrigation Project (SRIP), Cagayan | 300,000,000","18,697,372,000 | 32 | Irrigation Project (SRIP), Isabela | 200,000,000 | 33 | 34,516,703,000 | 34 | Calapangan Small Reservoir | 35 | Irrigation Project (SRIP), Cagayan | 300,000,000 | 36",[check project/PAP level and total amount in the NIA schedule],candidate; verify against PDF
"Bagtingon Small Reservoir Irrigation Project (SRIP), Marinduque",300000000,2 - HB 10858 VOL IB.pdf,570,"Bagtingon Small Reservoir Irrigation Project (SRIP), Marinduque | 300,000,000","3,243,000,000 | 17 | Irrigation Project (SRIP), Quezon | 200,000,000 | 18 | 460,000,000 | 19 | Bagtingon Small Reservoir | 20 | Irrigation Project (SRIP), Marinduque | 300,000,000 | 9,523,117,000 | 21",[check project/PAP level and total amount in the NIA schedule],candidate; verify against PDF
"Sta. Filomena Irrigation Project, Cagayan",250000000,2 - HB 10858 VOL IB.pdf,570,"Sta. Filomena Irrigation Project, Cagayan | 250,000,000","1 | Sta. Filomena Irrigation Project, Cagayan | 250,000,000 | 615,375,000 | 2 | 3 | Cabiao Water Impounding Project, Nueva Ecija | 500,000,000",[check project/PAP level and total amount in the NIA schedule],candidate; verify against PDF
"Baligatan (Tangke Creek) Small Reservoir Irrigation Project (SRIP), Isabela",250000000,2 - HB 10858 VOL IB.pdf,572,"Baligatan (Tangke Creek) Small Reservoir Irrigation Project (SRIP), Isabela | 250,000,000","2 | Irrigation Project (SRIP), Bataan | 500,000,000 | 3 | 4 | Baligatan (Tangke Creek) Small Reservoir | 5 | Irrigation Project (SRIP), Isabela | 250,000,000 | 6",[check project/PAP level and total amount in the NIA schedule],candidate; verify against PDF
"Linoan Small Reservoir Irrigation Project (SRIP), Davao de Oro",214000000,2 - HB 10858 VOL IB.pdf,570,"Linoan Small Reservoir Irrigation Project (SRIP), Davao de Oro | 214,000,000","35 | Irrigation Project (SRIP), Cagayan | 300,000,000 | 36 | 37 | Linoan Small Reservoir | 38 | Irrigation Project (SRIP), Davao de Oro | 214,000,000 | 39",[check project/PAP level and total amount in the NIA schedule],candidate; verify against PDF
"Balasig Small Reservoir Irrigation Project (SRIP), Isabela",200000000,2 - HB 10858 VOL IB.pdf,570,"Balasig Small Reservoir Irrigation Project (SRIP), Isabela | 200,000,000","29 | Irrigation Project (SRIP), Pangasinan | 400,000,000 | 698,067,000 | 30 | 31 | Balasig Small Reservoir | 18,697,372,000 | 32 | Irrigation Project (SRIP), Isabela | 200,000,000 | 33",[check project/PAP level and total amount in the NIA schedule],candidate; verify against PDF
"Macalelon Small Reservoir Irrigation Project (SRIP), Quezon",200000000,2 - HB 10858 VOL IB.pdf,570,"Macalelon Small Reservoir Irrigation Project (SRIP), Quezon | 200,000,000","14 | Small Reservoir Irrigation Sub-Program | 4,044,000,000 | 5,471,255,000 | 15 | 16 | Macalelon Small Reservoir | 3,243,000,000 | 17 | Irrigation Project (SRIP), Quezon | 200,000,000 | 18",[check project/PAP level and total amount in the NIA schedule],candidate; verify against PDF
"Bustos Dam Afterbay Structure, Bulacan",200000000,2 - HB 10858 VOL IB.pdf,570,"Bustos Dam Afterbay Structure, Bulacan | 200,000,000","52 | Lower Apayao River Irrigation Project, Apayao | 100,000,000 | 53 | 54 | Bustos Dam Afterbay Structure, Bulacan | 200,000,000 | 55 | 56 | Paoay Lake Irrigation Project, Ilocos Norte",[check project/PAP level and total amount in the NIA schedule],candidate; verify against PDF
"Paoay Lake Irrigation Project, Ilocos Norte",200000000,2 - HB 10858 VOL IB.pdf,570,"Paoay Lake Irrigation Project, Ilocos Norte | 200,000,000","54 | Bustos Dam Afterbay Structure, Bulacan | 200,000,000 | 55 | 56 | Paoay Lake Irrigation Project, Ilocos Norte",[check project/PAP level and total amount in the NIA schedule],candidate; verify against PDF
"Cabano Small Reservoir Irrigation Project (SRIP), Guimaras",130000000,2 - HB 10858 VOL IB.pdf,570,"Cabano Small Reservoir Irrigation Project (SRIP), Guimaras | 130,000,000","20 | Irrigation Project (SRIP), Marinduque | 300,000,000 | 9,523,117,000 | 21 | 22 | Cabano Small Reservoir | 8,466,950,000 | 23 | Irrigation Project (SRIP), Guimaras | 130,000,000 | 24",[check project/PAP level and total amount in the NIA schedule],candidate; verify against PDF
"Cabacanan Small Reservoir Irrigation Project (SRIP), Ilocos Norte",100000000,2 - HB 10858 VOL IB.pdf,570,"Cabacanan Small Reservoir Irrigation Project (SRIP), Ilocos Norte | 100,000,000","38 | Irrigation Project (SRIP), Davao de Oro | 214,000,000 | 39 | 5,650,000,000 | 40 | Cabacanan Small Reservoir | 41 | Irrigation Project (SRIP), Ilocos Norte | 100,000,000 | 1,000,000,000 | 42",[check project/PAP level and total amount in the NIA schedule],candidate; verify against PDF
"East Apayao-Abulug Irrigation System and Extension Project, Cagayan",100000000,2 - HB 10858 VOL IB.pdf,570,"East Apayao-Abulug Irrigation System and Extension Project, Cagayan | 100,000,000","5 | Abuan River Irrigation Project, Isabela | 100,000,000 | 6 | 200,000,000 | 7 | East Apayao-Abulug Irrigation System and Extension | 8 | Project, Cagayan | 3,315,375,000 | 9",[check project/PAP level and total amount in the NIA schedule],candidate; verify against PDF
"Panay River Basin Integrated Development Project, Iloilo & Capiz",100000000,2 - HB 10858 VOL IB.pdf,570,"Panay River Basin Integrated Development Project, Iloilo & Capiz | 100,000,000","42 | Tumauini River Multipurpose Project, Isabela | 1,000,000,000 | 43 | 44 | Panay River Basin Integrated Development Project, Iloilo & Capiz | 100,000,000 | 45 | 46 | Balog - Balog Multipurpose Project Phase II, Tarlac",[check project/PAP level and total amount in the NIA schedule],candidate; verify against PDF
"Cabangan Small Reservoir Irrigation Project (SRIP), Zambales",100000000,2 - HB 10858 VOL IB.pdf,570,"Cabangan Small Reservoir Irrigation Project (SRIP), Zambales | 100,000,000","100,000,000 | 44 | Irrigation Project (SRIP), La Union | 45 | 1,000,000,000 | 46 | Cabangan Small Reservoir | 47 | Irrigation Project (SRIP), Zambales | 48",[check project/PAP level and total amount in the NIA schedule],candidate; verify against PDF
"Bayabas Irrigation Project, Bulacan",100000000,2 - HB 10858 VOL IB.pdf,570,"Bayabas Irrigation Project, Bulacan | 100,000,000","46 | Balog - Balog Multipurpose Project Phase II, Tarlac | 1,000,000,000 | 47 | 48 | Bayabas Irrigation Project, Bulacan | 100,000,000 | 49 | 50 | Ilocos Norte - Ilocos Sur - Abra Irrigation Project, Stage 2",[check project/PAP level and total amount in the NIA schedule],candidate; verify against PDF
"Ugasan - Juanico Small Reservoir Irrigation Project (SRIP), Iloilo",100000000,2 - HB 10858 VOL IB.pdf,570,"Ugasan - Juanico Small Reservoir Irrigation Project (SRIP), Iloilo | 100,000,000","47 | Irrigation Project (SRIP), Zambales | 100,000,000 | 48 | 49 | Ugasan - Juanico Small Reservoir | 1,000,000,000 | 50 | Irrigation Project (SRIP), Iloilo | 51",[check project/PAP level and total amount in the NIA schedule],candidate; verify against PDF
"Lower Apayao River Irrigation Project, Apayao",100000000,2 - HB 10858 VOL IB.pdf,570,"Lower Apayao River Irrigation Project, Apayao | 100,000,000","50 | Ilocos Norte - Ilocos Sur - Abra Irrigation Project, Stage 2 | 1,000,000,000 | 51 | 52 | Lower Apayao River Irrigation Project, Apayao | 100,000,000 | 53 | 54 | Bustos Dam Afterbay Structure, Bulacan | 200,000,000",[check project/PAP level and total amount in the NIA schedule],candidate; verify against PDF
"Esther Vintar Small Reservoir Irrigation Project (SRIP), Ilocos Norte",100000000,2 - HB 10858 VOL IB.pdf,570,"Esther Vintar Small Reservoir Irrigation Project (SRIP), Ilocos Norte | 100,000,000","1,000,000,000 | 50 | Irrigation Project (SRIP), Iloilo | 100,000,000 | 51 | 52 | Esther Vintar Small Reservoir | 53 | Irrigation Project (SRIP), Ilocos Norte | 200,000,000 | 54",[check project/PAP level and total amount in the NIA schedule],candidate; verify against PDF
"Dupitac Small Reservoir Irrigation Project (SRIP), Ilocos Norte",100000000,2 - HB 10858 VOL IB.pdf,570,"Dupitac Small Reservoir Irrigation Project (SRIP), Ilocos Norte | 100,000,000","53 | Irrigation Project (SRIP), Ilocos Norte | 100,000,000 | 200,000,000 | 54 | 55 | Dupitac Small Reservoir | 56 | 57",[check project/PAP level and total amount in the NIA schedule],candidate; verify against PDF
"Estancia Small Reservoir Irrigation Project (SRIP), Ilocos Norte",100000000,2 - HB 10858 VOL IB.pdf,570,"Estancia Small Reservoir Irrigation Project (SRIP), Ilocos Norte | 100,000,000","200,000,000 | 56 | Irrigation Project (SRIP), Ilocos Norte | 100,000,000 | 57 | 58 | Estancia Small Reservoir | 59",[check project/PAP level and total amount in the NIA schedule],candidate; verify against PDF
"Abuan River Irrigation Project, Isabela",100000000,2 - HB 10858 VOL IB.pdf,570,"Abuan River Irrigation Project, Isabela | 100,000,000","3 | Cabiao Water Impounding Project, Nueva Ecija | 500,000,000 | 1,700,000,000 | 4 | 5 | Abuan River Irrigation Project, Isabela | 100,000,000 | 6 | 200,000,000 | 7 | East Apayao-Abulug Irrigation System and Extension",[check project/PAP level and total amount in the NIA schedule],candidate; verify against PDF
"San Felipe Small Reservoir Irrigation Project (SRIP), La Union",100000000,2 - HB 10858 VOL IB.pdf,570,"San Felipe Small Reservoir Irrigation Project (SRIP), La Union | 100,000,000","41 | Irrigation Project (SRIP), Ilocos Norte | 100,000,000 | 1,000,000,000 | 42 | 43 | San Felipe Small Reservoir | 44 | Irrigation Project (SRIP), La Union | 45",[check project/PAP level and total amount in the NIA schedule],candidate; verify against PDF
