amountPesos,project_candidates,project_examples
100000000,12,"Abuan River Irrigation Project, Isabela | Bayabas Irrigation Project, Bulacan | Cabacanan Small Reservoir Irrigation Project (SRIP), Ilocos Norte | Cabangan Small Reservoir Irrigation Project (SRIP), Zambales | Dupitac Small Reservoir Irrigation Project (SRIP), Ilocos Norte | East Apayao-Abulug Irrigation System and Extension Project, Cagayan | Estancia Small Reservoir Irrigation Project (SRIP), Ilocos Norte | Esther Vintar Small Reservoir Irrigation Project (SRIP), Ilocos Norte | Lower Apayao River Irrigation Project, Apayao | Panay River Basin Integrated Development Project, Iloilo & Capiz | San Felipe Small Reservoir Irrigation Project (SRIP), La Union | Ugasan - Juanico Small Reservoir Irrigation Project (SRIP), Iloilo"
500000000,4,"Alimit Dam Multipurpose Irrigation Project, Isabela | Cabiao Water Impounding Project, Nueva Ecija | Ilaguen Multipurpose Irrigation & Hydropower Plant Project, Isabela | Pantingan Small Reservoir Irrigation Project (SRIP), Bataan"
200000000,4,"Balasig Small Reservoir Irrigation Project (SRIP), Isabela | Bustos Dam Afterbay Structure, Bulacan | Macalelon Small Reservoir Irrigation Project (SRIP), Quezon | Paoay Lake Irrigation Project, Ilocos Norte"
1000000000,3,"Balog - Balog Multipurpose Project Phase II, Tarlac | Ilocos Norte - Ilocos Sur - Abra Irrigation Project, Stage 2 | Tumauini River Multipurpose Project, Isabela"
300000000,2,"Bagtingon Small Reservoir Irrigation Project (SRIP), Marinduque | Calapangan Small Reservoir Irrigation Project (SRIP), Cagayan"
250000000,2,"Baligatan (Tangke Creek) Small Reservoir Irrigation Project (SRIP), Isabela | Sta. Filomena Irrigation Project, Cagayan"
961321000,1,"Jalaur River Multi Purpose Project, Stage II, Iloilo Korea EDCF Loan No. PHL-15"
850000000,1,"Tulunan Small Reservoir Irrigation Project (SRIP), North Cotabato"
400000000,1,"Dumuloc Small Reservoir Irrigation Project (SRIP), Pangasinan"
214000000,1,"Linoan Small Reservoir Irrigation Project (SRIP), Davao de Oro"
130000000,1,"Cabano Small Reservoir Irrigation Project (SRIP), Guimaras"
