fiscal_year,rank,office,region,project_count,categories,total_amount,district_share_pct,cumulative_share_pct,median_project_amount,largest_project_amount,largest_project_name,largest_project_share_pct
2027,1,Butuan City District Engineering Office,Region XIII,86,11,8838467000.0,2.0223951148764643,2.0223951148764643,15912000.0,1200000000.0,"Construction of Daang Maharlika Alternate Route (Jct. BCIR-Baan Tiniwisan-NRJ Daang Maharlika, RTR), Butuan City",13.577015109068123
2027,2,Quezon 4th District Engineering Office,Region IV-A,69,15,7256546000.0,1.6604240510573098,3.682819165933774,20000000.0,2195137000.0,Quirino H-way - K0251 +(-511) - K0264 + 968,30.25043870734093
2027,3,Bukidnon 1st District Engineering Office,Region X,51,10,6899200000.0,1.5786570653661662,5.26147623129994,70000000.0,600000000.0,Atugan Parallel Br. Along Sayre Highway,8.696660482374767
2027,4,Cavite 1st District Engineering Office,Region IV-A,164,12,6300789000.0,1.441730211072504,6.703206442372444,11421000.0,300000000.0,"Sangley Airport Access Road - Sta. 31 + 945 - Sta. 32 + 085, Cavite City",4.761308464701802
2027,5,Camarines Sur 1st District Engineering Office,Region V,45,9,5990681000.0,1.3707721021284858,8.07397854450093,12000000.0,2589421000.0,Rolando R. Andaya Highway - K0296 + 418 - K0311 + 638,43.22415097715936
2027,6,Isabela 4th District Engineering Office,Region II,151,10,5853854000.0,1.3394637025629048,9.413442247063836,15000000.0,535000000.0,"Construction of Multi-Purpose Building, Barangay San Luis, Cauayan City, Isabela",9.13927815760352
2027,7,Misamis Oriental 2nd District Engineering Office,Region X,62,13,5501652000.0,1.2588737536215646,10.6723160006854,20000000.0,712000000.0,Tagoloan Br. (B01116MN) along Butuan City-Cagayan de Oro City-Iligan City Rd,12.941567369219282
2027,8,Samar 2nd District Engineering Office,Region VIII,17,6,5481800000.0,1.2543312704261724,11.926647271111571,56000000.0,1000000000.0,Maharlika Highway (Sn Isidro-Sn Juanico Br) - K0816 + 000 - K0831 + 000,18.242183224488308
2027,9,Quezon City 1st District Engineering Office,NCR,84,8,5204852000.0,1.1909607467511045,13.117608017862677,38170000.0,500000000.0,"Construction of 10-Storey Department of Migrant Workers (DMW) Building, Agham Building Project, Quezon City",9.606421085556324
2027,10,Bulacan 2nd District Engineering Office,Region III,181,9,5195990000.0,1.1889329668761517,14.30654098473883,15000000.0,203000000.0,"Replacement of Marcos Bridge (Tawiran Bridge), Meycauayan, Bulacan (120.910624, 14.746335)",3.906858943146542
2027,11,Nueva Ecija 1st District Engineering Office,Region III,265,18,5188074000.0,1.187121648269728,15.493662633008556,6000000.0,250000000.0,"Construction of Pinagpanaan-Dinarayat, Talavera By-pass Road Sta. 0+000 - Sta. 2+300",4.818743911517068
2027,12,Batangas 4th District Engineering Office,Region IV-A,149,13,4996817000.0,1.1433587171544193,16.637021350162975,10000000.0,300000000.0,"Construction of Manila-Batangas-Bugtong na Pulo - STAR Tollway Interchange, Bugtong na Pulo, Lipa City, Batangas",6.0038220331062755
2027,13,South Manila District Engineering Office,NCR,46,9,4725576000.0,1.0812940544301928,17.71831540459317,40000000.0,575000000.0,Construction of Drainage along Taft Ave S02958LZ K0004 + (-330) - K0003 + 875,12.167828853032942
2027,14,Cebu 6th District Engineering Office,Region VII,93,11,4697581000.0,1.0748883110766263,18.793203715669794,30000000.0,315000000.0,"Interchange along Cebu North Hagnaya Wharf Road (M.C. Briones Street) corner U.N. Avenue, Mandaue City",6.7055788926258
2027,15,Pangasinan 3rd District Engineering Office,Region I,170,11,4637020000.0,1.061030899994814,19.85423461566461,7000000.0,480000000.0,"Binalonan-Laoac-Villasis (BLV) Bypass Road, Pangasinan",10.35147573225908
2027,16,Metro Manila 3rd District Engineering Office,NCR,179,6,4511071000.0,1.0322115761999096,20.88644619186452,15000000.0,100000000.0,"Construction of Flood Control Wall Along Pasolo Creek (C0+000 to C0+350), Barangay Pasolo, Valenzuela City",2.2167684791482998
2027,17,Laguna 2nd District Engineering Office,Region IV-A,98,13,4490082000.0,1.027408927610947,21.913855119475464,22000000.0,343236000.0,"Parian - San Jose - Bucal Diversion Road Sta. 3+270 - Sta. 5+900, Calamba, Laguna",7.644314736345573
2027,18,Batangas 2nd District Engineering Office,Region IV-A,165,18,4456821000.0,1.0197982317837289,22.933653351259196,10000000.0,180800000.0,Bridge of Promise (B03026LZ) along Batangas-Lobo Rd,4.056703197189207
2027,19,Pampanga 1st District Engineering Office,Region III,108,13,4292759000.0,0.9822579900951122,23.915911341354306,5000000.0,750000000.0,"Construction of Road Dike along Abacan River, San Jose Malino - Tangle, Mexico, Pampanga Sta. 0 + 000 - Sta. 4 + 552",17.471281290191225
2027,20,Bukidnon 2nd District Engineering Office,Region X,29,7,4207360000.0,0.962717212218662,24.87862855357297,200000000.0,300000000.0,"Construction of Road, Bukidnon-Paquibato District Alternate Road, Barangay Sinuda - Barangay Kipilas Section, Sta. 5+290 - Sta. 8+540, Kitaotao, Bukidnon",7.130362032248251
2027,21,Bulacan 1st District Engineering Office,Region III,158,9,4152694000.0,0.9502086797605064,25.828837233333473,15000000.0,200000000.0,"Guiguinto By-pass Road, Sta.000+000.00 - Sta.000+920.00, Guiguinto, Bulacan",4.816150672310553
2027,22,Misamis Oriental 1st District Engineering Office,Region X,58,16,3890837000.0,0.8902912395985183,26.719128472931992,20000000.0,450000000.0,"Construction of Gingoog Coastal Road, Misamis Oriental",11.56563484926251
2027,23,Quezon 1st District Engineering Office,Region IV-A,110,14,3827752000.0,0.8758562933774167,27.59498476630941,6500000.0,300000000.0,"General Nakar - Dingalan Road, Sta. Sta. 25 + 336.32 - Sta. 29 + 340, General Nakar, Quezon",7.837498354125346
2027,24,Pangasinan 2nd District Engineering Office,Region I,126,9,3729815000.0,0.853446602832025,28.448431369141435,5000000.0,438930000.0,"Pangasinan-Zambales Road to Judge Jose De Venecia Boulevard Ext'n Road, Binmaley, Pangasinan",11.768143996418052
2027,25,Ilocos Norte 1st District Engineering Office,Region I,40,12,3704200000.0,0.8475854449109104,29.296016814052344,10000000.0,2088668000.0,"Pancian Viaduct along Manila North Road, Ilocos Norte",56.38648021165164
2027,26,Cavite 3rd District Engineering Office,Region IV-A,74,14,3553973000.0,0.8132108920701805,30.109227706122525,10235000.0,450000000.0,"Construction of Revetment along Zapote River, Barangay Molino III, Bacoor City, Cavite",12.661885726199946
2027,27,Surigao del Sur 1st District Engineering Office,Region XIII,45,11,3461200000.0,0.7919828146227641,30.90121052074529,45500000.0,400000000.0,"East-West Lateral Road connecting Agusan Del Sur to Bukidnon, San Miguel Proper (Surigao del Sur) - Calaitan (Bayugan), Sta.19+969.5 - Sta. 22+ 112.5, Brgy. Umalag - Castillo Section, Surigao del Sur",11.556685542586386
2027,28,Tarlac District Engineering Office,Region III,94,11,3320280000.0,0.7597378654038112,31.6609483861491,15000000.0,100000000.0,"Construction of Concrete Slope Protection Structure Along Camiling River Left Bank Sta. 0+000.00 - Sta. 0+496.00, Barangay Anoling 1st - Barangay Pao 3rd Section, Camiling, Tarlac",3.0117941860325033
2027,29,Quezon 3rd District Engineering Office,Region IV-A,68,9,3081200000.0,0.7050321993573503,32.36598058550645,30000000.0,100000000.0,"Construction of Road with Approach of Kaibayo Bridge, Barangay 1 - Barangay 5, Catanauan, Quezon",3.2454887706088535
2027,30,Sultan Kudarat 2nd District Engineering Office,Region XII,73,9,3050700000.0,0.6980532683952578,33.06403385390171,16900000.0,250000000.0,"Construction of Esperanza-Lebak Bypass Road, Sta. 19 + 584 - Sta. 26 + 191, Esperanza, Sultan Kudarat",8.194840528403317
2027,31,Cagayan de Oro City 2nd District Engineering Office,Region X,86,13,3027086000.0,0.6926499741087382,33.756683828010445,10000000.0,450000000.0,"Eastern Interior Bypass Road (Gusa-Puerto/Jct. Sayre Highway), Barangay Cugman-Barangay Tablon (Cugman Bridge 3), Sta. 3+607-Sta. 3+897, Cagayan de Oro City",14.865781811286498
2027,32,Metro Manila 1st District Engineering Office,NCR,73,8,3005437000.0,0.6876963060301041,34.44438013404055,20000000.0,260000000.0,"Improvement of Buting-San Joaquin Linear Park, Pasig City",8.650988192399309
2027,33,Isabela 3rd District Engineering Office,Region II,118,12,3004385000.0,0.6874555901162641,35.131835724156815,10000000.0,200000000.0,"Construction (Completion) of Evacuation Center, Barangay Minanga, San Mariano, Isabela",6.65693644456353
2027,34,Malabon Navotas District Engineering Office,NCR,50,5,3000593000.0,0.6865879145028787,35.818423638659695,50900000.0,150000000.0,"Construction of Pumping Station at Tinajeros Bridge, M.H. Del Pilar St., Barangay Maysilo, Malabon City",4.999011861988613
2027,35,Eastern Samar District Engineering Office,Region VIII,45,13,2994179000.0,0.6851202796441619,36.503543918303855,59349000.0,300000000.0,"Basey-Maydolong Road (Sta. 21+676 - Sta. 22+066, Sta. 28+276 - Sta. 30+960.13), Eastern Samar",10.01944105546128
2027,36,Davao del Norte District Engineering Office,Region XI,34,10,2970240000.0,0.6796426196998494,37.1831865380037,37500000.0,600000000.0,"Construction of NRJ Tagum - Panabo Circum Road, Barangay Datu Balang - Barangay Gupitan, Sta. 1505+440.000 - Sta. 1517+440.000, Kapalong Section, to Loreto (Agusan del Sur), Davao del Norte",20.20038784744667
2027,37,Negros Occidental 1st District Engineering Office,NIR,88,8,2959575000.0,0.677202282037203,37.86038882004091,5000000.0,380000000.0,"Bacolod Negros Occidental Economic Highway (BANOCEH) (Victorias - Sagay), Sta. 11+380 - Sta. 15+903, Cadiz City, Negros Occidental",12.839681373170134
2027,38,Mindoro Occidental District Engineering Office,MIMAROPA,80,14,2955200000.0,0.6762012058746079,38.536590025915515,15000000.0,700000000.0,"Mindoro Island Circumferential Road (Puerto Galera - Abra de Ilog), Barangay Udalo, Abra de Ilog, Occidental Mindoro, Sta. 1 + 435 - Sta. 1 + 645, Sta. 7 + 094 - Sta. 7 + 165, Sta. 9 + 560 - Sta. 9 + 916, Sta. 16 + 000 - Sta. 16 + 700",23.687060097455333
2027,39,Cotabato 3rd District Engineering Office,Region XII,73,14,2932362000.0,0.6709754738971564,39.207565499812674,17000000.0,253406000.0,Davao-Cotabato Rd (Jct Digos-Cotabato Sect) - K1649 + 1000 - K1654 + 100,8.641702491029417
2027,40,Cagayan de Oro City 1st District Engineering Office,Region X,49,10,2928200000.0,0.6700231358425915,39.877588635655265,20000000.0,231000000.0,"Construction of Flood Control Structure along Iponan River, Canitoan Section, Sta. 0+180- Sta. 0+310, Sta. 0+490- Sta. 1+020, Cagayan de Oro City",7.888805409466566
2027,41,Iloilo 1st District Engineering Office,Region VI,76,10,2927240000.0,0.6698034711303421,40.54739210678561,12728500.0,99294000.0,"Construction of Baguingin River Control Project, Barangay Baguingin, Tigbauan, Iloilo",3.392068979653189
2027,42,Albay 3rd District Engineering Office,Region V,57,16,2824815000.0,0.6463668480551842,41.19375895484079,26835000.0,400000000.0,"Construction of Sabo Dam Structures, Kabang (Masarawag) River, Main Dam per Final Master Plan Report for the Bicol River Basin, Guinobatan, Albay",14.160219341797605
2027,43,North Manila District Engineering Office,NCR,79,8,2821400000.0,0.6455854366048384,41.83934439144563,18500000.0,400000000.0,"Construction (Completion) of Multi-Purpose Building, Sentro Komuniudad de Santa Cruz, Manila City (14.61236745, 120.98225658)",14.177358758063372
2027,44,Zamboanga del Sur 1st District Engineering Office,Region IX,61,13,2789200000.0,0.6382175160481376,42.477561907493765,20000000.0,250000000.0,"Maharlika Highway (Pagadian City-Zamboanga City Rd) - K1665 + 000 - K1665 + 500, K1667 + 623 - K1667 + 897, K1667 + 936 - K1669 + 000, K1670 + 000 - K1674 + 000",8.963143553707155
2027,45,Surigao del Norte 2nd District Engineering Office,Region XIII,51,9,2780743000.0,0.6362824072236649,43.11384431471743,30000000.0,600000000.0,"Construction of Lake Mainit Circumferential - Lipata Port By-Pass Road to Wind Power Generation, Brgy. Banbanon - Brgy. Oslao, San Francisco, Surigao del Norte",21.576967019246293
2027,46,Palawan 2nd District Engineering Office,MIMAROPA,36,12,2780726000.0,0.6362785173277188,43.75012283204515,51332500.0,295000000.0,"Construction of Road from Barangay Batang-Batang towards Barangay Caguisan and Barangay Teresa connecting to the National Highway Circuit Loop, Narra, Palawan",10.608740307387352
2027,47,Rizal 1st District Engineering Office,Region IV-A,95,12,2732844000.0,0.6253222821694595,44.37544511421461,15000000.0,275000000.0,"Rehabilitation of Drainage System along Felix Avenue (Village East to Junction), Barangay San Isidro, Cainta, Rizal",10.062777092289204
2027,48,Ilocos Norte 2nd District Engineering Office,Region I,55,8,2708144000.0,0.6196704921772076,44.99511560639182,10000000.0,350000000.0,"Construction of Ecotourism Building, Mount Sicapo Reserve, Nueva Era, Ilocos Norte",12.923980408722727
2027,49,Cebu City District Engineering Office,Region VII,59,14,2705400000.0,0.6190426172080279,45.614158223599844,30000000.0,200000000.0,Cebu South Coastal Rd - (S00014CB) Chainage 512 - Chainage 1024,7.392622163081245
2027,50,Palawan 1st District Engineering Office,MIMAROPA,64,10,2686353000.0,0.6146843320265533,46.2288425556264,10000000.0,294000000.0,"Construction of Road, Barangay Marcilla, Coron, Palawan",10.944205768936547
2027,51,Camarines Sur 3rd District Engineering Office,Region V,36,11,2639106000.0,0.6038733959227507,46.83271595154915,25000000.0,393217000.0,"Naga-Jct. Magarao-Canaman-Libmanan Jct. PPH Road (Skybridge), Camarines Sur, Sta 419+082.25 - Sta 420+882.25",14.899628889479999
2027,52,South Cotabato 2nd District Engineering Office,Region XII,52,13,2626692000.0,0.6010328566124747,47.433748808161624,38645500.0,142230000.0,"Construction of Bridge along Alah River connecting Barangay Dajay and Barangay Moloy, Surallah, South Cotabato",5.414795491820129
2027,53,Metro Manila 2nd District Engineering Office,NCR,63,10,2615106000.0,0.5983817781165139,48.032130586278136,25124000.0,150000000.0,"Construction of Drainage along Dr. A. Santos Avenue, District 1, Parañaque City",5.735905160249718
2027,54,Cagayan 2nd District Engineering Office,Region II,55,13,2603453000.0,0.5957153688541775,48.627845955132315,20000000.0,150000000.0,Lucban Parallel Br. along Manila North Rd,5.761578949187867
2027,55,Misamis Occidental 2nd District Engineering Office,Region X,24,7,2600180000.0,0.594966449475852,49.22281240460817,100000000.0,300000000.0,"Panguil Bay Access Road (Ozamiz City-Tangub City Section), Sta. 1+860 - Sta. 3+720, Misamis Occidental",11.537662777192349
2027,56,Aklan District Engineering Office,Region VI,111,10,2585625000.0,0.591636012093778,49.81444841670194,5000000.0,150000000.0,"Rehabilitation of Seawall, Barangay Tambak, New Washington, Aklan",5.8013052936910805
2027,57,Camarines Sur 5th District Engineering Office,Region V,47,12,2568223000.0,0.5876541315494392,50.402102548251385,32030000.0,301120000.0,"Nabua Bypass Road, Sta. 470+970 - Sta. 471+700, Sta. 471+700 - Sta. 472+400, Sta. 472+400 - Sta. 472+974.63, Sta. 472+974.63 - Sta. 474+085.85, Camarines Sur",11.724838536217455
2027,58,Quezon City 2nd District Engineering Office,NCR,20,8,2550773000.0,0.583661267769488,50.98576381602087,97500000.0,400000000.0,"Construction of University of the Philippines (UP) Diliman College of Arts and Letters (CAL) Building, Diliman, Quezon City (14.652723, 121.066217)",15.681520856618759
2027,59,Davao del Sur District Engineering Office,Region XI,88,12,2546330000.0,0.5826446320231085,51.56840844804398,5000000.0,500000000.0,"Construction of Flood Mitigation Structure along Padada-Mainit River, Sta. 0+700.00 to Sta. 1+700.00, Kiblawan, Davao del Sur",19.63610372575432
2027,60,Davao City 2nd District Engineering Office,Region XI,14,6,2504200000.0,0.5730045545990772,52.141413002643056,16016500.0,2000000000.0,"Davao City Bypass Construction Project, Package II",79.86582541330564
2027,61,Cagayan 1st District Engineering Office,Region II,133,10,2487542000.0,0.5691929142067318,52.710605916849794,5000000.0,150000000.0,Baua Br. 2 (B02053LZ) along Dugo-Sn Vicente Rd (Mission-Sta Ana Sect),6.030048939877196
2027,62,Pangasinan 4th District Engineering Office,Region I,64,9,2470326000.0,0.5652535937003913,53.275859510550184,15000000.0,356047000.0,Carlos P. Romulo Br. (B00885LZ) along Camiling-Wawa-Bayambang-Malasiqui-Sta Barbara Rd,14.412956022808325
2027,63,Batangas 3rd District Engineering Office,Region IV-A,109,15,2460804000.0,0.5630747943357669,53.838934304885946,5000000.0,300000000.0,"Construction of Flood Mitigation Structure along Bugaan River (Upstream), Laurel, Batangas",12.191137530660711
2027,64,Cotabato 2nd District Engineering Office,Region XII,75,14,2460191000.0,0.5629345292642993,54.40186883415025,13200000.0,175183000.0,Davao-Cotabato Rd (Jct Digos-Cotabato Sect) - K1606 + 190 - K1609 + 758,7.120707294677527
2027,65,Pampanga 3rd District Engineering Office,Region III,99,4,2452293000.0,0.5611273293712302,54.96299616352148,11800000.0,100000000.0,"Construction of Clark - Mabalacat Access Road, Mabalacat City, Pampanga (Sta. 0+000 to Sta. 1+100)",4.07781615002775
2027,66,Cagayan 3rd District Engineering Office,Region II,69,11,2411536000.0,0.5518014182491974,55.51479758177067,5000000.0,337000000.0,"Tuguegarao City Boulevard (Pinacanauan Bridge 2 and Approaches) (Sta.0+000 - Sta. 1+632.82) , Tuguegarao City, Cagayan",13.974495922930448
2027,67,Samar 1st District Engineering Office,Region VIII,86,12,2350780000.0,0.5378993877727093,56.05269696954338,5000000.0,320000000.0,"Construction & Concreting of Calbayog City, Samar to Bobon, Northern Samar Road (Sta. 0+000 - Sta. 5+040), Samar",13.61250308408273
2027,68,Leyte 4th District Engineering Office,Region VIII,51,20,2333769000.0,0.5340069748351305,56.58670394437851,30000000.0,150000000.0,"Construction of Pagsanga-an (Upstream,) Flood Control Structure, Sta 0 + 000 - Sta 1+235 Left Side, Barangay Liloan, Ormoc City, Leyte",6.427371346521443
2027,69,Nueva Ecija 2nd District Engineering Office,Region III,36,12,2322649000.0,0.5314625252515741,57.11816646963009,63077500.0,228399000.0,Gen. Luna Br. (B01324LZ) along Maharlika Highway (LZ),9.83355642630462
2027,70,Las Piñas Muntinlupa District Engineering Office,NCR,70,10,2319194000.0,0.5306719611048847,57.648838430734976,20000000.0,250000000.0,"Construction of Pumping Station along Las Piñas River Mouth, Las Piñas City",10.779607053140014
2027,71,Cotabato 1st District Engineering Office,Region XII,70,15,2319004000.0,0.530628485797252,58.17946691653223,10000000.0,184785000.0,Banisilan-Guiling-Alamada-Libungan Rd - K1659 + 000 - K1663 + 000,7.968291559652333
2027,72,Zamboanga Sibugay 2nd District Engineering Office,Region IX,53,11,2306665000.0,0.5278051077926206,58.707272024324844,14000000.0,220000000.0,"Maharlika Highway( Lanao-Pagadian-Zamboanga City Rd) - K1843 + 561.05 - K1846 + 830, K1846 + 858.05 - K1849 + 300, K1849 + 360 - K1849 + 796, K1850 + 565 - K1851 + 026",9.537579145649671
2027,73,Isabela 1st District Engineering Office,Region II,80,13,2299022000.0,0.5260562563387428,59.23332828066359,15000000.0,200000000.0,"Construction of Flood Mitigation Structure along Cagayan River, Barangay Casibarag Norte, Cabagan, Isabela",8.699351289374352
2027,74,Bacolod City District Engineering Office,NIR,78,10,2282572000.0,0.5222922099673847,59.755620490630974,10000000.0,358750000.0,"Bacolod Negros Occidental Economic Highway (BANOCEH), Sta. 8+593 - Sta. 10+178, Sta. 10+861 - Sta. 12+537, Bacolod City",15.716919334855593
2027,75,Leyte 5th District Engineering Office,Region VIII,75,13,2269806000.0,0.519371126929284,60.27499161756026,5000000.0,400000000.0,Baliacao Parallel Br. along Maharlika Highway (LT),17.622651451269405
2027,76,Cebu 1st District Engineering Office,Region VII,47,15,2266200000.0,0.5185460113538969,60.79353762891415,10000000.0,360000000.0,"Metro Cebu Expressway, Sta. 4 + 200 - Sta. 4 + 550, Cebu",15.885623510722796
2027,77,La Union 1st District Engineering Office,Region I,54,15,2257878000.0,0.5166417928795843,61.31017942179374,18000000.0,200000000.0,"Construction of Multi-Storey Multi-Purpose Building, City of San Fernando, La Union",8.85787451757801
2027,78,La Union 2nd District Engineering Office,Region I,80,10,2252096000.0,0.5153187706230985,61.82549819241684,12500000.0,377931000.0,"Manila North Rd - K0212 + 007 - K0213 + 497, K0215 + (-927) - K0215 + (-837), K0215 + (-808) - K0215 + (-077), K0217 + 1010 - K0218 + 333, K0218 + 655 - K0219 + 076, K0220 + 418 - K0220 + 571, K0220 + 618 - K0220 + 857, K0222 + 000 - K0222 + 661, K0223 + 589 - K0223 + 906, K0225 + 870 - K0226 + 144, K0227 + 994 - K0229 + 753, K0231 + 576 - K0232 + 174, K0233 + 212 - K0233 + 383",16.78130061951178
2027,79,Tarlac 2nd District Engineering Office,Region III,33,7,2244200000.0,0.5135120283648467,62.33901022078168,75000000.0,400000000.0,"Capas-Botolan Road (Sta. 008+320 - Sta. 009+845, Sta. 009+845 - Sta. 011+495), Tarlac",17.823723375813206
2027,80,Cebu 5th District Engineering Office,Region VII,57,15,2240600000.0,0.5126882856939111,62.85169850647559,5000000.0,300000000.0,"Construction of Flood Control Structure along Cotcot River (Upstream), Liloan, Cebu",13.389270731054182
2027,81,Zambales 1st District Engineering Office,Region III,43,5,2239950000.0,0.5125395543783255,63.36423806085392,30000000.0,150000000.0,"Construction of Access Road/Diversion Road, Daang Kalikasan to Sta. Cruz, Lucapon South - Tubo-tubo South, Sta. 10+400 - Sta. 12+000, Sta. Cruz, Zambales",6.696578048617156
2027,82,Negros Oriental 2nd District Engineering Office,NIR,59,11,2202425000.0,0.503953181120866,63.868191241974785,10000000.0,400000000.0,"Construction of DPWH Negros Island Region (NIR) Regional Office Building, Amlan, Negros Oriental (9.47117, 123.193393)",18.16179892618364
2027,83,Abra District Engineering Office,CAR,33,5,2194416000.0,0.5021205824954431,64.37031182447024,50000000.0,150000000.0,"Construction of Bucay-Peñarrubia Road, Bucay and Peñarrubia, Abra",6.835531640308857
2027,84,Bataan 1st District Engineering Office,Region III,75,10,2192916000.0,0.5017773563825533,64.87208918085278,6000000.0,393450000.0,Samal Br. (B00055LZ) along Roman Expressway,17.941863710237875
2027,85,Isabela 2nd District Engineering Office,Region II,102,6,2188086000.0,0.5006721682990481,65.37276134915183,10125000.0,144726000.0,"Cauayan City Bypass Road (Sta. 2+344 - Sta. 3+820.68), Isabela",6.614273844812315
2027,86,Quezon 2nd District Engineering Office,Region IV-A,54,11,2181146000.0,0.4990841754834114,65.87184552463525,15000000.0,141500000.0,Morong Br. (B05232LZ) along Sariaya Bypass Rd,6.4874153312066225
2027,87,Romblon District Engineering Office,MIMAROPA,62,10,2180346000.0,0.4989011215565368,66.37074664619178,19698000.0,278889000.0,"Construction of Odiongan-Alcantara Access Road, leading to Tugdan Airport, Barangay Progreso Este - Barangay Tugdan, Alcantara, Romblon",12.79104325643728
2027,88,Cavite 2nd District Engineering Office,Region IV-A,85,13,2145876000.0,0.49101378548232943,66.86176043167411,17964000.0,329000000.0,"General Aguinaldo-Magallanes-Nasugbu Rd (East-West Rd), Sta. 71+862.7 - Sta. 72+084.84, Gen. Emilio Aguinaldo Section, Cavite",15.331733986493163
2027,89,Zambales 2nd District Engineering Office,Region III,90,7,2133476000.0,0.48817644961577383,67.34993688128988,15000000.0,250000000.0,"Construction of Water Supply, Subic, Zambales",11.717966360999608
2027,90,Pangasinan 1st District Engineering Office,Region I,53,12,2124887000.0,0.48621113689336687,67.83614801818325,8000000.0,107687000.0,"Bolinao-Dasol Coastal Road, Sta. 53+200 - Sta. 60+482, Pangasinan",5.067893022075998
2027,91,Palawan 3rd District Engineering Office,MIMAROPA,58,12,2121659000.0,0.485472514298428,68.32162053248167,15000000.0,225000000.0,"Construction of Road, Barangay Plaridel to Magsaysay, Aborlan, Palawan",10.604908705875921
2027,92,Camarines Norte District Engineering Office,Region V,49,12,2118433000.0,0.4847343493383064,68.80635488181998,30000000.0,325000000.0,"Tagkawayan-Labo Diversion Road (Bridge) Sta. 303+076 - Sta. 303+145, Sta. 312+056.7 - Sta. 312+116.7, Camarines Norte",15.34152838442377
2027,93,Davao del Norte 2nd District Engineering Office,Region XI,79,10,2114678000.0,0.48387513996903897,69.29023002178903,8000000.0,150000000.0,"Construction of Earthdike with Concrete Slope Protection along Libuganon River, Barangay Esperanza, Sto. Tomas, Davao del Norte - 0+000 - 1+247",7.093278503866783
2027,94,Northern Samar 2nd District Engineering Office,Region VIII,48,11,2091048000.0,0.47846818460398177,69.76869820639301,15000000.0,448380000.0,"Arteche, Brgy. Catumsan - Jipapad - Las Navas - Catubig - Rawis Road (Sta. 9+560 - Sta. 9+640, Sta. 16+103 - Sta. 16+340, Sta. 16+340 - Sta. 16+420, Sta. 16+420 - Sta. 16+425), Northern Samar",21.442836319395823
2027,95,Surigao del Sur 2nd District Engineering Office,Region XIII,49,13,2053706000.0,0.4699236849322947,70.2386218913253,15000000.0,200000000.0,Bislig Parallel Br. along Surigao-Davao Coastal Rd,9.738492267150216
2027,96,Zamboanga City 1st District Engineering Office,Region IX,43,15,2036352000.0,0.4659527876235684,70.70457467894887,34278000.0,160000000.0,"Construction of Tumaga River Flood Control (Sta Maria Section), Downstream, Zamboanga City",7.857187755358602
2027,97,Iligan City District Engineering Office,Region X,36,11,2034600000.0,0.4655518995237131,71.17012657847258,16330000.0,300000000.0,"Iligan City Coastal Bypass Road (Mandulog Bridge 4), Brgy. Hinaplanon, Sta. 0+550 - Sta. 0+650, Iligan City",14.74491300501327
2027,98,Zamboanga del Sur 2nd District Engineering Office,Region IX,49,12,2021065000.0,0.46245485589840424,71.63258143437099,24800000.0,272000000.0,"Maharlika Highway (Pagadian City-Zamboanga City Rd) - K1675 + (-337) - K1675 + 000, K1676 + 000 - K1676 + 669, K1676 + 721 - K1676 + 822, K1678 + 000 - K1678 + 091, K1680 + 380 - K1680 + 603, K1680 + 945 - K1681 + 000, K1684 + 018 - K1684 + 028, K1684 + 682 - K1685 + 000, K1687 + 000 - K1688 + 500, K1689 + 961 - K1690 + 508, K1690 + 526 - K1690 + 825, K1694 + 723 - K1694 + 775, K1694 + 812 - K1694 + 870, K1700 + 056 - K1700 + 106, K1714 + 2160 - K1718 + 020, K1718 + 1285 - K1718 + 1305",13.458250971641188
2027,99,Albay 2nd District Engineering Office,Region V,66,7,2020438000.0,0.4623113873832163,72.0948928217542,7500000.0,180000000.0,"Construction of Flood Control Dike (Sta. 0 + 000 - Sta. 1 + 333) along Cagsawa Ruins ""Tributary D"", Daraga, Albay",8.908959344458975
2027,100,Leyte 2nd District Engineering Office,Region VIII,63,16,2018449000.0,0.46185626955752446,72.55674909131173,12431000.0,180000000.0,"Construction of Flood Mitigation Structure along Daguitan River, Brgy. Barbo, Dulag, Leyte",8.917738322840954
2027,101,Camarines Sur 4th District Engineering Office,Region V,62,7,1994001000.0,0.45626214155223804,73.01301123286396,7000000.0,149500000.0,"Jct. Nato-Sabang Coastal Road, Dolo-Sabang, San Jose, Camarines Sur, Sta.11 + 817 - Sta.12 + 427",7.497488717407865
2027,102,Negros Oriental 3rd District Engineering Office,NIR,45,13,1990410000.0,0.45544045823797985,73.46845169110195,20000000.0,250000000.0,"Construction of Waterworks System, Valencia, Negros Oriental",12.560226285036752
2027,103,Mindoro Oriental District Engineering Office,MIMAROPA,105,12,1972997000.0,0.45145606070214656,73.91990775180409,5000000.0,205000000.0,"Construction of Road, Barangay San Cristobal, Victoria, Oriental Mindoro",10.390284425166383
2027,104,Sultan Kudarat 1st District Engineering Office,Region XII,40,5,1924996000.0,0.44047259627226465,74.36038034807636,24753000.0,255780000.0,"Columbio - Lutayan - Koronadal Road, Sta.13+369 - Sta.13+663, Sultan Kudarat",13.287300337247453
2027,105,Zamboanga del Norte 2nd District Engineering Office,Region IX,58,9,1897604000.0,0.4342048298160799,74.79458517789243,5000000.0,200000000.0,"Construction of Flood Control Structure at Ponot Diut River Jose Dalman, Zamboanga del Norte",10.539606788349941
2027,106,Masbate 2nd District Engineering Office,Region V,44,8,1853708000.0,0.42416066084847304,75.21874583874092,36098000.0,100000000.0,"Malubi-Cabangcalan-Dayhagan-Tinigban-Mataba Road, Masbate, Sta. 7+700 - Sta. 8+322, Sta. 9+400 - Sta. 9+514",5.394592891652839
2027,107,Bataan 3rd District Engineering Office,Region III,88,12,1851629000.0,0.42368494945600776,75.64243078819692,5000000.0,148985000.0,"Construction of Slope Protection along Dila-Dila River Tributary to Colo River, Dinalupihan Bataan, Sta. 0 + 500 - Sta. 6 + 000",8.046158274686777
2027,108,Albay 1st District Engineering Office,Region V,31,12,1815078000.0,0.41532144435451795,76.05775223255144,30000000.0,150000000.0,"Tabaco City-Malinao-Buhi-Iriga Road - Chainage 6020 - Chainage 10220, Albay",8.264107658183285
2027,109,Zamboanga del Norte 1st District Engineering Office,Region IX,27,14,1791843000.0,0.41000487186585505,76.46775710441729,50000000.0,180000000.0,Polo Parallel Br. along Jct Polo-Dapitan Park Natl Rd,10.04552296155411
2027,110,Aurora District Engineering Office,Region III,36,6,1789200000.0,0.40940010745494326,76.87715721187223,30000000.0,400000000.0,"Construction of Concrete Road, Sta. 0 + 000 - 16 + 667, Barangay Umiray, Dingalan, Aurora",22.3563603845294
2027,111,Biliran District Engineering Office,Region VIII,60,13,1773699000.0,0.40585320880434017,77.28301042067658,12000000.0,250000000.0,"Naval Diversion Road (Riverside to Provincial Hospital), Sta. 1 + 088 - Sta. 1 + 595.50, Biliran",14.09483796292381
2027,112,Northern Samar 1st District Engineering Office,Region VIII,83,17,1773608000.0,0.4058323864201582,77.68884280709673,10000000.0,150000000.0,"Catarman Diversion Road, Sta. 000+740 - Sta. 001+470, Northern Samar",8.457336683190423
2027,113,Lanao del Norte 2nd District Engineering Office,Region X,105,7,1735268000.0,0.3970595269746951,78.08590233407142,6000000.0,129248000.0,"Construction of Concrete Road from Barangay Darumawang Ilaya - Barangay Matampay Ilaya, Sta. 0+000 - Sta. 3+800, Lala, Lanao del Norte",7.448301933764698
2027,114,Camiguin District Engineering Office,Region X,73,6,1718204000.0,0.3931549867144608,78.47905732078588,15000000.0,100000000.0,"Construction of River Control Structure (Sta. 44.75+450-Sta. 44.75+970) along Timayog Bridge I, Catarman, Camiguin",5.820030683201762
2027,115,Negros Occidental 3rd District Engineering Office,NIR,61,14,1715919000.0,0.3926321389358254,78.87168945972171,15000000.0,222000000.0,"Candoni - Gatuslao - Basay Bdry Road, Sta. 22+550 - Sta. 27+595",12.937673631447637
2027,116,Laguna 3rd District Engineering Office,Region IV-A,80,17,1714936000.0,0.39240721142317825,79.26409667114488,10175000.0,100000000.0,"Construction of Bridge connecting Barangay Del Remedio and Barangay San Lucas I, San Pablo City, Laguna",5.831121394617642
2027,117,Zamboanga Sibugay 1st District Engineering Office,Region IX,58,8,1703379000.0,0.3897627686320667,79.65385943977695,10000000.0,150000000.0,"Construction of Mabuhay - Talusan Coastal Road (Mabuhay Boulevard), Mabuhay, Zamboanga Sibugay",8.806026139807994
2027,118,Capiz 2nd District Engineering Office,Region VI,55,14,1701161000.0,0.389255251619807,80.04311469139677,15000000.0,120565000.0,"Capiz-Aklan Rd - K0339 + 580 - K0340 + 103, K0343 + 650 - K0345 + 346",7.087218670072968
2027,119,Marinduque District Engineering Office,MIMAROPA,38,13,1674134000.0,0.38307100351775875,80.42618569491452,25955000.0,200000000.0,"Construction of Bantay-Mainit Bridge, Boac, Marinduque",11.946475013350186
2027,120,Catanduanes District Engineering Office,Region V,76,8,1670135000.0,0.38215596270079455,80.80834165761532,6000000.0,150000000.0,"Construction of Bagamanoc Flood Mitigation Structure and Drainage System, Bagamanoc, Catanduanes",8.981309894110357
2027,121,Baguio City District Engineering Office,CAR,46,8,1654058000.0,0.3784772652228418,81.18681892283816,15262500.0,225000000.0,"Rehabilitation of Maharlika Likelihood Complex, Baguio City",13.602908725087028
2027,122,Sorsogon 2nd District Engineering Office,Region V,50,9,1645593000.0,0.3765403258591004,81.56335924869725,10000000.0,149000000.0,"Construction of Road, Hidhid-Banogao, Matnog, Sorsogon- La Esperanza- San Antonio, Santa Magdalena, Sorsogon",9.054486741253761
2027,123,Bukidnon 3rd District Engineering Office,Region X,18,5,1638200000.0,0.37484867875737093,81.93820792745463,52500000.0,260000000.0,"Construction of Jct Cagayan de Oro City - Dominorog - Camp Kibaritan Road to Jct SH - Aglayan - Alanib -Ticalaan Road (Aglayan - Basak), Brgy. San Miguel Section, Sta. 22+900 - Sta. 29+800, Talakag, Bukidnon",15.871078012452692
2027,124,Negros Oriental 1st District Engineering Office,NIR,54,11,1637387000.0,0.37466265020418466,82.31287057765881,5000000.0,265000000.0,"Himamaylan City - Negros Oriental Boundary - Tayasan Road, Sta. 0+000 - Sta. 5+175",16.18432294869814
2027,125,Capiz 1st District Engineering Office,Region VI,45,10,1618311000.0,0.37029772931786087,82.68316830697668,8000000.0,250000000.0,"Roxas City Circumferential Road, C3 Section, Capiz - Sta. 2+766 - Sta. 3+180, Sta. 3+500 - Sta. 5+228.5",15.44820494948128
2027,126,Davao de Oro 2nd District Engineering Office,Region XI,24,10,1615980000.0,0.36976435593843016,83.05293266291511,54750000.0,150000000.0,"Construction of Multi-Purpose Building (DPWH 2nd Engineering District Office), Barangay Maparat, Compostela, Davao de Oro",9.282293097686853
2027,127,Camarines Sur 2nd District Engineering Office,Region V,22,10,1575945000.0,0.3606036509854016,83.41353631390051,20546500.0,300000000.0,Viaduct along Daang Maharlika K0397 + (-192.28) - K0397 + 224.37,19.036197329221515
2027,128,Zamboanga del Norte 4th District Engineering Office,Region IX,52,7,1560229000.0,0.35700755659195094,83.77054387049246,29459000.0,190461000.0,"Siocon-Sirawai-Sibuco-Limpapa Rd - (S01151MN) Chainage 13315 - Chainage 15237, Chainage 15520 - Chainage 19774",12.207246500353474
2027,129,Southern Mindoro District Engineering Office,MIMAROPA,65,10,1531215000.0,0.35036864829902803,84.12091251879149,10000000.0,160000000.0,"Construction of Bridge, Barangay Aplaya to Barangay Labasan, Bongabong, Oriental Mindoro",10.44921843111516
2027,130,Cebu 7th District Engineering Office,Region VII,66,10,1527867000.0,0.349602567615058,84.47051508640655,9000000.0,200000000.0,"Construction of the Basak-Patong Road at Barangays Patong, Basak and Alawijao, Badian, Cebu",13.090144626462905
2027,131,Davao de Oro 1st District Engineering Office,Region XI,60,11,1523840000.0,0.3486811199106532,84.8191962063172,10000000.0,317760000.0,Kingking Br. (B00197MN) along Surigao-Davao Coastal Rd,20.852582948341034
2027,132,Nueva Vizcaya District Engineering Office,Region II,16,10,1512052000.0,0.3459838202981566,85.16518002661536,92600000.0,233000000.0,"Construction (Completion) of Flood Control and Drainage Structure (FCDS) along Sta. Cruz River, Barat Section (Sta. 0+000 - Sta. 0+700), Bambang, Nueva Vizcaya",15.409522952914317
2027,133,Rizal 2nd District Engineering Office,Region IV-A,19,10,1504200000.0,0.34418714600588285,85.50936717262124,66660000.0,150000000.0,"Construction of Flood Mitigation Structure along Upper Marikina River (Left Side), Barangay Ampid 2, San Mateo, Rizal",9.97207818109294
2027,134,Iloilo 2nd District Engineering Office,Region VI,37,12,1487438000.0,0.34035170860304376,85.84971888122428,10000000.0,250000000.0,Construction of Bridge Jct. Iloilo Capiz New Route - Jct Passi San Enrique Road,16.807423233775122
2027,135,Lower Kalinga District Engineering Office,CAR,46,14,1472563000.0,0.33694804965021996,86.1866669308745,15000000.0,300000000.0,"Construction of Drainage Canal along Bulana-Bulanao Norte-Laya West-Laya East Road, Sta.0+000 - Sta.12+819, Tabuk City, Kalinga",20.37264280034199
2027,136,Misamis Occidental 1st District Engineering Office,Region X,20,7,1472460000.0,0.3369244814571349,86.52359141233164,67600000.0,190000000.0,"Construction of Flood Control Structure along Layawan River, Barangay Langcangan Upper, Sta. 1+416 - Sta. 1+816, Oroquieta City, Misamis Occidental",12.903576328049658
2027,137,Bulacan 3rd District Engineering Office,Region III,52,10,1451768000.0,0.3321897916385245,86.85578120397017,10000000.0,300000000.0,"San Ildefonso - San Miguel Bypass Road, San Ildefonso and San Miguel, (Sta.005+430 - Sta.005+535, Sta 009+000 - Sta 009+180, Sta 009 + 420 - Sta 010 + 135, Sta 012 + 355 - Sta 015 + 671, Sta 016 + 200 - Sta 017 + 730), Bulacan",20.66445878404814
2027,138,Laguna 1st District Engineering Office,Region IV-A,43,9,1451518000.0,0.33213258728637624,87.18791379125653,15000000.0,200000000.0,"Construction of Multi-Purpose Building at Barangay Poblacion 5, Santa Cruz, Laguna (14.285327, 121412438)",13.778678597165175
2027,139,Negros Occidental 2nd District Engineering Office,NIR,29,12,1443894000.0,0.3303880833632617,87.5183018746198,20000000.0,250000000.0,"Construction of Bridge, Barangay 1 and Barangay Inolingan, Moises Padilla, Negros Occidental",17.31429038419718
2027,140,Apayao 2nd District Engineering Office,CAR,42,15,1427294000.0,0.3265897143806147,87.84489158900041,21677500.0,150000000.0,"Construction of Flood Control Structure, Apayao-Abulug River Basin, Tumog Section, Sta. 18 + 979 - Sta. 19 + 555 (L/S), Luna, Apayao",10.509397503247405
2027,141,Davao Oriental 1st District Engineering Office,Region XI,14,8,1420581000.0,0.32505366311672856,88.16994525211715,61237500.0,310000000.0,"Construction of Mawab-Maragusan-Caraga Road, Barangay Sobrecarey, Sta. 1676+785.00 - 1680+785.00, Caraga, Davao Oriental",21.82205731316975
2027,142,Camarines Norte Sub District Engineering Office,Region V,69,12,1411105000.0,0.32288538935289945,88.49283064147004,8000000.0,150000000.0,"Daang Maharlika-Daet Mercedes Road Link, Bactas Section, Chainage 2361.7 - Chainaga 3486.7, Basud, Camarines Norte",10.629967295133955
2027,143,Bataan 2nd District Engineering Office,Region III,32,7,1406964000.0,0.32193785646391504,88.81476849793395,20000000.0,210000000.0,"Rehabilitation of Wawa Bridge, Pilar, Bataan, 0+000 - 0+045, (14.672155, 120.563000)",14.925755029979445
2027,144,Masbate 3rd District Engineering Office,Region V,60,11,1392176000.0,0.3185541046256389,89.1333226025596,22275000.0,51650000.0,Masbate-Cataingan-Placer Rd - K0061 + 500 - K0062 + 520,3.710019422831596
2027,145,Lanao del Norte 1st District Engineering Office,Region X,49,10,1382051000.0,0.3162373283636328,89.44955993092323,8000000.0,150000000.0,"Muslim-Christian Unity Crossroad,Brgy. Malimbato, Sta. 5+850- Sta. 9+350, Tagoloan, Lanao del Norte",10.853434496990342
2027,146,Negros Occidental 5th District Engineering Office,NIR,40,13,1360763000.0,0.31136626336950085,89.76092619429272,16170000.0,150000000.0,"Construction of Flood Control Structure of Andoon River (Urban Area), San Carlos City, Negros Occidental",11.023227409916348
2027,147,Iloilo 6th District Engineering Office,Region VI,35,7,1343784000.0,0.30748117258899704,90.06840736688173,15000000.0,151500000.0,"Construction of River Control Structure along Suage River, Sta. 5 +000 - Sta. 6 + 120, Mina, Iloilo",11.274133342858674
2027,148,Negros Occidental 4th District Engineering Office,NIR,41,8,1333120000.0,0.30504106374375917,90.37344843062549,5000000.0,268920000.0,"Construction of Flood Mitigation Structure, Najalin Bridge Upstream and Downstream, La Carlota, Negros Occidental",20.172227556409027
2027,149,Iloilo City District Engineering Office,Region VI,31,8,1330300000.0,0.3043957986515264,90.67784422927701,20000000.0,200000000.0,"Construction of Revetment Wall along Buntatala Creek, Sta. 2 + 140 - Sta. 2 + 670, Iloilo City, Iloilo",15.034202811395925
2027,150,Leyte 3rd District Engineering Office,Region VIII,51,12,1312124000.0,0.30023681343293646,90.97808104270995,18400000.0,112000000.0,"Lemon-Leyte-Biliran Rd - K0979 + 457 - K0979 + 796, K0979 + 850 - K0981 + 056, K0982 + 931 - K0983 + 102, K0983 + 134 - K0983 + 488, K0983 + 517 - K0983 + 657",8.535778630678198
2027,151,Apayao 1st District Engineering Office,CAR,23,8,1223098000.0,0.27986611481551876,91.25794715752546,10000000.0,257600000.0,"Piddig,Carasi (Ilocos Norte)-Calanasan-Langnao-Kabugao Road, Sta.18+783.20 - Sta. 25+350, Kabugao, Apayao",21.06127227744629
2027,152,Ifugao 2nd District Engineering Office,CAR,42,9,1206681000.0,0.2761096194186443,91.53405677694411,10186500.0,200000000.0,Banaue-Barlig-Tanudan-Tabuk Road - Sta. 2+759 - Sta. 6+330,16.574388757260618
2027,153,Sorsogon District Engineering Office,Region V,17,7,1203193000.0,0.27531150429747125,91.80936828124158,75000000.0,250000000.0,"Dancalan Br. (B05019LZ) along Dancalan-Sta. Cruz, Donsol-Pio Duran Roa",20.778046414831202
2027,154,Iloilo 4th District Engineering Office,Region VI,46,8,1202300000.0,0.2751071703515975,92.08447545159318,7000000.0,200000000.0,"Iloilo Circumferential Road 2, Sta. 3+576 - Sta. 5+100 (Section 1), Sta. 2+363 - Sta. 3+144 (Section 2), Iloilo",16.6347833319471
2027,155,Upper Kalinga District Engineering Office,CAR,32,12,1184539000.0,0.27104314435757376,92.35551859595076,24330000.0,150000000.0,"Construction of Dao Balbalan - Bullaguian Road, Sta. 1+650 - Sta. 4+650, Balbalan, Kalinga",12.663154189098037
2027,156,Dinagat Islands District Engineering Office,Region XIII,33,13,1166805000.0,0.2669852964335821,92.62250389238433,30000000.0,150000000.0,"Construction of Shore Protection, Sta. 0 + 417 - Sta. 0 + 792, Barangay Poblacion and Barangay San Juan, San Jose, Dinagat Islands",12.855618548086442
2027,157,Siquijor District Engineering Office,NIR,50,13,1154934000.0,0.2642690049761723,92.8867728973605,10675000.0,114000000.0,"Construction of Road Barangay Nagerong, Lazi, Siquijor (Segment 1: 0 + 000 - 1 + 700 Segment 2: 1 + 280 - 3 + 080)",9.870693909781858
2027,158,Bohol 1st District Engineering Office,Region VII,26,11,1141475000.0,0.2611893514739165,93.14796224883442,37823500.0,170000000.0,"Construction of Regional Equipment Service (RES) Building, DPWH - Regional Office VII, Cortes, Bohol",14.893011235462888
2027,159,Masbate 1st District Engineering Office,Region V,22,6,1114647000.0,0.2550506380361783,93.4030128868706,53417500.0,89000000.0,"Construction of Road, San Fernando- San Jacinto- Monreal Road (Piña Section), San Jacinto Masbate Sta. 18 +818 - Sta.20 + 018",7.98459063721519
2027,160,Mountain Province 1st District Engineering Office,CAR,86,10,1096820000.0,0.25097151009318736,93.65398439696379,5000000.0,200000000.0,"Besao-Tubo via Tamboan Road, Chainage 13587 - Chainage 17293",18.23453255775788
2027,161,Cebu 2nd District Engineering Office,Region VII,70,11,1080137000.0,0.24715414926562712,93.90113854622942,5000000.0,120000000.0,Lagnason Br. (B00442CB) along N Bacalso Ave (Cebu South Rd),11.109701824861105
2027,162,Ifugao 1st District Engineering Office,CAR,35,7,1047007000.0,0.2395734285189346,94.14071197474836,15000000.0,150000000.0,"Construction of Kiangan-Asipulo-Ambaguio-Bayombong Road, Sta. 32+514 - Sta. 32+899, Barangay Camandag, Asipulo, Ifugao",14.3265517804561
2027,163,Mountain Province 2nd District Engineering Office,CAR,41,7,1046933000.0,0.2395564960306987,94.38026847077904,5000000.0,200000000.0,Tanudan-Barlig - Ifugao Road (Tanudan-Barlig Section) - Sta. 1+396 - Sta. 5+396,19.103419225490075
2027,164,Iloilo 3rd District Engineering Office,Region VI,20,6,1036675000.0,0.2372092870533497,94.6174777578324,10000000.0,688925000.0,"Construction of Flood Control Structure along Lamunan River, Downstream, Barangay San Andres, San Rafael, Iloilo",66.45525357513203
2027,165,Zamboanga City 2nd District Engineering Office,Region IX,15,5,1013007000.0,0.23179363662676597,94.84927139445917,59792000.0,200000000.0,"Construction of Tumaga River Flood Control (Tugbungan Section), Zamboanga City",19.74320019506282
2027,166,Bukidnon 4th District Engineering Office,Region X,15,8,1010283000.0,0.23117033800575812,95.08044173246492,30000000.0,200000000.0,"Construction of Flood Mitigation Structure within Mindanao River Basin (along Pulangui River), Downstream of Old Batangan Br., Sta. 1+610.000-Sta. 1+960.000, Barangay Lumbo, Valencia City, Bukidnon",19.79643327661655
2027,167,Surigao del Norte 1st District Engineering Office,Region XIII,45,6,1010191000.0,0.23114928680416755,95.31159101926909,5000000.0,100000000.0,"Construction of Jct Sering-Calangugan Road, Socorro, Surigao del Norte 0+000 - 3+000",9.899118087569578
2027,168,South Cotabato 1st District Engineering Office,Region XII,22,9,1004200000.0,0.2297784417092857,95.54136946097837,20000000.0,219717000.0,General Santos City Underpass (Mabuhay-Bulaong Road and Digos-Makar Road Intersection),21.87980481975702
2027,169,Zamboanga del Norte 3rd District Engineering Office,Region IX,42,11,1000771000.0,0.22899382681521965,95.7703632877936,12000000.0,108000000.0,Kipit Br. 2 (B01183MN) along Liloy-Siocon Rd,10.791679615016822
2027,170,Benguet 1st District Engineering Office,CAR,11,6,989437000.0,0.2264004103062244,95.99676369809983,74500000.0,195000000.0,"Itogon-Dalupirip-San Nicolas Road - Sta. 7+771 - Sta. 7+893, Benguet",19.708177478707587
2027,171,Guimaras District Engineering Office,Region VI,37,8,938800000.0,0.2148137831872908,96.21157748128711,20000000.0,130000000.0,"Construction of Multi-Purpose Building (Emergency Operations Center and Conference Hall), DPWH Guimaras DEO, Barangay San Miguel, Jordan, Guimaras (10.598373, 122.586894)",13.847464848743076
2027,172,Leyte 1st District Engineering Office,Region VIII,13,8,929154000.0,0.21260661046400087,96.42418409175112,27900000.0,204527000.0,"Tacloban - Palo Diversion Road, (Sta. 3 + 072 - Sta. 3 + 160.5, Sta. 2 + 711.50 - Sta. 2 + 742, Sta. 1+303 - Sta. 1+357, Sta. 2 + 742 - Sta. 3 + 039), Palo, Leyte",22.012174515742277
2027,173,Batanes District Engineering Office,Region II,41,12,910651000.0,0.20837280195280097,96.63255689370392,10000000.0,200000000.0,San Vicente-Savidug-Chavayan-Sumnanga-Nakanmuan Road (Sta. 02 + 061 - Sta. 02 + 607.32),21.96231047898701
2027,174,Tacloban City District Engineering Office,Region VIII,11,5,879200000.0,0.20117626563513644,96.83373315933905,60000000.0,150000000.0,"Construction of Flood Control Structure along San Roque River, Sta. 0+000 - Sta. 057 (Right Side), Sta. 0+000 - Sta. 0+213 (Left Side), Sta. 0+433 - Sta. 0+523 (Right Side), Sta. 0+367 - Sta. 0+909 (Left Side), Sta. 0+964 - Sta. 1+234, Tacloban City",17.060964513193813
2027,175,Nueva Vizcaya 2nd District Engineering Office,Region II,23,5,822512000.0,0.18820506437680543,97.02193822371585,10368000.0,148800000.0,"Construction of Flood Control Structures along Apean River (Sta. 13+180.00- Sta. 15+040.00) (RS), Bitnong, Dupax del Norte, Nueva Vizcaya",18.090921469838737
2027,176,Davao Oriental 2nd District Engineering Office,Region XI,13,6,807385000.0,0.1847437434370162,97.20668196715287,69000000.0,150000000.0,"Construction of Flood Mitigation Structure along Sumlog River, Barangay Ilangay, Sta. 0+000 - Sta. 0+750, Lupon, Davao Oriental",18.57849724728599
2027,177,Southern Leyte 2nd District Engineering Office,Region VIII,24,7,803978000.0,0.18396416252593917,97.39064612967881,27025000.0,147000000.0,Lilo-an Steel Br. (B00617LT) along Maharlika Highway (LT),18.284082400264683
2027,178,Benguet 2nd District Engineering Office,CAR,24,6,772200000.0,0.17669280291566464,97.56733893259448,25000000.0,228000000.0,Halsema - Madaymen - Masala - Sagpat Rd - Sta. 16 + 040 - Sta. 21 + 040,29.526029526029525
2027,179,Pampanga 2nd District Engineering Office,Region III,30,9,727909000.0,0.16655825107166347,97.73389718366614,17500000.0,62918000.0,Jose Abad Santos Ave (JASA) - K0082 + 000 - K0083 + 000,8.643662875441848
2027,180,Quirino District Engineering Office,Region II,22,7,639200000.0,0.1462600875727698,97.88015727123891,14626000.0,145348000.0,"Jct. Abbag-Guingin Bdry. Rd (Mactol-Bucao Section), San Pugo, Quirino - Sta. 3+380 - Sta. 6+286.96",22.739048811013767
2027,181,Batangas 1st District Engineering Office,Region IV-A,12,7,578200000.0,0.13230222564858496,98.01245949688749,27000000.0,200000000.0,"Construction of Flood Control Structure along Pansipit River, Lemery, Batangas",34.59010722933241
2027,182,Bohol 2nd District Engineering Office,Region VII,13,6,569200000.0,0.1302428689712462,98.14270236585874,45000000.0,75000000.0,"Construction of Drainage (Flood Mitigation Structure) and Sewerage System in Metro Ubay, Barangay Poblacion-Barangay Fatima, Ubay, Bohol",13.176387912860154
2027,183,Cebu 4th District Engineering Office,Region VII,27,9,569200000.0,0.1302428689712462,98.27294523482999,7969000.0,144690000.0,"Bogo-Curva-Medellin-Daanbantayan-Maya Rd - K0103 + (-207) - K0103 + 860, K0112 + 599 - K0113 + 500",25.41988756148981
2027,184,Cebu 3rd District Engineering Office,Region VII,19,6,554200000.0,0.1268106078423483,98.39975584267233,10000000.0,200000000.0,"Asturias-Danao-Liloan Bypass Road, Asturias Section, Sta. 3 + 300 - Sta. 6 + 400, Asturias, Cebu",36.088054853843374
2027,185,Ilocos Sur 1st District Engineering Office,Region I,7,5,509200000.0,0.11651382445565454,98.51626966712799,50000000.0,195000000.0,"Construction of Vigan-Cabugao Coastal/Diversion Road, Ilocos Sur",38.295365278868815
2027,186,Ilocos Sur 2nd District Engineering Office,Region I,13,10,506016000.0,0.1157852698266938,98.63205493695469,17300000.0,100162000.0,"Road Connecting Santa-Rancho Road (S00089LZ) and Santa-Caoayan Road, Sta. 1+045.80 - Sta. 1+501.70, Ilocos Sur",19.794235755391135
2027,187,Antique District Engineering Office,Region VI,9,5,504950000.0,0.11554135046913347,98.74759628742382,29500000.0,270500000.0,Cangaranan Parallel Br. along Iloilo-Antique Rd,53.56966036241212
2027,188,Davao City 3rd District Engineering Office,Region XI,8,6,504800000.0,0.11550702785784449,98.86310331528166,40000000.0,217000000.0,"Construction of Pumping Station Protecting Davao City Coastal Bypass Road (Bago Aplaya-Times Beach-Roxas Avenue-Sta. Ana Wharf-R. Castillo), Barangay Centro, Davao City",42.98732171156894
2027,189,Agusan del Sur 1st District Engineering Office,Region XIII,14,7,504200000.0,0.11536973741268856,98.97847305269435,32280000.0,84440000.0,Esperanza Br. (B01779MN) along Bayugan-Esperanza Rd,16.74732249107497
2027,190,Agusan del Sur 2nd District Engineering Office,Region XIII,14,8,504200000.0,0.11536973741268856,99.09384279010703,20000000.0,250000000.0,"East-West Lateral Road Connecting Agusan del Sur / Agusan del Norte to Bukidnon, Sampaguita - Makilos (Agusan del Sur/ Bukidnon Boundary), (Sta. 72+020 - Sta. 74+520),Agusan del Sur",49.58349861166204
2027,191,Bohol 3rd District Engineering Office,Region VII,13,4,504200000.0,0.11536973741268856,99.20921252751972,32369000.0,113019000.0,"Jct (LIR) Carmen-Sagbayan-Bacani Rd - K0161 + (-124.77) - K0161 + 170, K0163 + 765 - K0164 + 251, K0164 + 292.46 - K0165 + 382, K0165 + 424 - K0165 + 764, K0165 + 788 - K0167 + 361, K0168 + 920 - K0169 + 372, K0169 + 760 - K0169 + 876, K0171 + 337 - K0171 + 640",22.415509718365726
2027,192,Davao City District Engineering Office,Region XI,7,5,504200000.0,0.11536973741268856,99.32458226493242,65395000.0,200000000.0,"Construction of DPWH Regional Office XI Building, Magsaysay Avenue cor. Chavez, St., Davao City",39.666798889329634
2027,193,Southern Leyte 1st District Engineering Office,Region VIII,8,4,503000000.0,0.11509515652237673,99.43967742145479,65000000.0,100000000.0,"Maasin City Coastal Bypass Road, West Bypass Road Segment 10, Sta. 3+160 - Sta. 3+310, Southern Leyte",19.880715705765407
2027,194,Davao Occidental District Engineering Office,Region XI,10,6,498576000.0,0.11408286830676044,99.55376028976156,41627000.0,150000000.0,"Cayaponga-Malalan Bypass Road, Barangay Cayaponga Section, Sta. 1742 + 660 - Sta. 1743 + 360, Jose Abad Santos, Davao Occidental",30.085684028112063
2027,195,Agusan del Norte District Engineering Office,Region XIII,22,9,487200000.0,0.11147984146660427,99.66524013122816,15000000.0,155000000.0,"Construction of Dike with Revetment along Lake Mainit-Tubay River, Barangay Lapaz, Santiago, Agusan del Norte",31.814449917898195
2027,196,Sarangani District Engineering Office,Region XII,11,9,464200000.0,0.1062170410689608,99.77145717229712,29662000.0,200000000.0,"Demoloc-Little Baguio-Alabel Rd, Sta. 45 + 129 - Sta. 48+222.85, Alabel, Sarangani",43.084877208099954
2027,197,Sulu 2nd District Engineering Office,Region IX,22,4,399800000.0,0.09148119995555909,99.86293837225267,5000000.0,60000000.0,"Construction of Road, Kan Putlih -Neog Road, Luuk, Sulu",15.007503751875937
2027,198,Sulu 1st District Engineering Office,Region IX,12,5,389800000.0,0.08919302586962714,99.9521313981223,40000000.0,50000000.0,"Rehabilitation of Road, Barangay Darul Jambangan, Maimbung, Sulu Sta 00+000 to Sta. 1+700",12.827090815802975
2027,199,Isabela City District Engineering Office,Region IX,3,3,209200000.0,0.047868601877696246,100.0,50000000.0,155000000.0,"Construction of Flood Control Structure at Aguada River, Aguada Br. Section (B00001BL) with Esplanade along Basilan Circumferential Road (S00002BL), Isabela City",74.09177820267686
