comparison,closest_nep_title,title_similarity_pct,closest_nep_office,closest_nep_amount_pesos,match_basis,fiscalYear,region,office,pap3,projectName,amountPesos,sourceVolume,sourcePage,sourceText,reviewStatus,hgab_id,nep_id,nep_api_id,nep_source_page,paired_one_to_one,amount_delta_pesos,tranche_status,chainage_status
Exact normalized title found in NEP,"Bataan-Cavite Interlink Bridge (BCIB) Project, ADB Loan No. 4432-PHI and AIIB Loan No. L0724A",100.0,Central Office,22494406000,Scope-normalized title and compatible PAP/chainage/direction; amount only orders identical occurrences,2027,,,Foreign-assisted projects (FAP),"Bataan-Cavite Interlink Bridge (BCIB) Project, ADB Loan No. 4432-PHI and AIIB Loan No. L0724A",8494406000,3- HB 10858 FOR 3RD READING VOL I-C .pdf,940,"a. Bataan-Cavite Interlink Bridge (BCIB) Project, ADB Loan No. 4432-PHI and AIIB Loan No. L0724A	8494406000",visible native text; project matching remains provisional,HB10858-3-0940-016249,p688:r17,,688,True,-14000000000,same tranche,not stated
Exact normalized title found in NEP,"Laguna Lakeshore Road Network (LLRN) Project - Phase I, KEDCF Loan No. PHL-27, ADB Loan No. 4523-PHI and AIIB Loan No. L0725A",100.0,Central Office,35209919000,Scope-normalized title and compatible PAP/chainage/direction; amount only orders identical occurrences,2027,,,Foreign-assisted projects (FAP),"Laguna Lakeshore Road Network (LLRN) Project - Phase I, KEDCF Loan No. PHL-27, ADB Loan No. 4523-PHI and AIIB Loan No. L0725A",8209919000,3- HB 10858 FOR 3RD READING VOL I-C .pdf,940,"c. Laguna Lakeshore Road Network (LLRN) Project - Phase I, KEDCF Loan No. PHL-27, ADB Loan No. 4523-PHI and AIIB Loan No. L0725A	8209919000",visible native text; project matching remains provisional,HB10858-3-0940-016251,p688:r23,,688,True,-27000000000,same tranche,not stated
Exact normalized title found in NEP,"Davao City Bypass Construction Project (III ) (South and Center Sections ), Package I, JICA Loan No. PH-P282",100.0,Central Office,7420440000,Scope-normalized title and compatible PAP/chainage/direction; amount only orders identical occurrences,2027,,,Foreign-assisted projects (FAP),"Davao City Bypass Construction Project (III) (South and Center Sections), Package I, JICA Loan No. PH-P282",3920440000,3- HB 10858 FOR 3RD READING VOL I-C .pdf,940,"f. Davao City Bypass Construction Project (III) (South and Center Sections), Package I, JICA Loan No. PH-P282	3920440000",visible native text; project matching remains provisional,HB10858-3-0940-016254,p688:r31,,688,True,-3500000000,same tranche,not stated
Exact normalized title found in NEP,"Cavite Industrial Area Flood Risk Management Project (CIA-FRIMP ), JICA Loan Nos. PH- P265 and PH-P284",100.0,Central Office,6566805000,Scope-normalized title and compatible PAP/chainage/direction; amount only orders identical occurrences,2027,,,Foreign-assisted projects (FAP),"Cavite Industrial Area Flood Risk Management Project (CIA-FRIMP), JICA Loan Nos. PH- P265 and PH-P284",3066805000,3- HB 10858 FOR 3RD READING VOL I-C .pdf,942,"e. Cavite Industrial Area Flood Risk Management Project (CIA-FRIMP), JICA Loan Nos. PH- P265 and PH-P284	3066805000",visible native text; project matching remains provisional,HB10858-3-0942-016273,p690:r0,,690,True,-3500000000,not stated,not stated
Exact normalized title found in NEP,"Pasig - Marikina River Channel Improvement Project (PMRCIP ), Phase IV, JICA Loan Nos. PH-P271 and PH-P283",100.0,Central Office,8539933000,Scope-normalized title and compatible PAP/chainage/direction; amount only orders identical occurrences,2027,,,Foreign-assisted projects (FAP),"Pasig - Marikina River Channel Improvement Project (PMRCIP), Phase IV, JICA Loan Nos. PH-P271 and PH-P283",3039933000,3- HB 10858 FOR 3RD READING VOL I-C .pdf,942,"a. Pasig - Marikina River Channel Improvement Project (PMRCIP), Phase IV, JICA Loan Nos. PH-P271 and PH-P283	3039933000",visible native text; project matching remains provisional,HB10858-3-0942-016269,p689:r28,,689,True,-5500000000,same tranche,not stated
Exact normalized title found in NEP,"Cebu-Mactan Bridge (4th Bridge) and Coastal Road Construction Project, JICA Loan No. PH-P274",100.0,Central Office,8570911000,Scope-normalized title and compatible PAP/chainage/direction; amount only orders identical occurrences,2027,,,Foreign-assisted projects (FAP),"Cebu-Mactan Bridge (4th Bridge) and Coastal Road Construction Project, JICA Loan No. PH-P274",2570911000,3- HB 10858 FOR 3RD READING VOL I-C .pdf,940,"k. Cebu-Mactan Bridge (4th Bridge) and Coastal Road Construction Project, JICA Loan No. PH-P274	2570911000",visible native text; project matching remains provisional,HB10858-3-0940-016259,p689:r4,,689,True,-6000000000,not stated,not stated
Plausible NEP title counterpart; review scope,"Davao City Bypass Construction Project (II ) (South and Center Sections ), Package 1, JICA Loan No. PH-P273",100.0,Central Office,4393942000,Global rare-token title candidates and compatible PAP/chainage/direction; 83% review threshold,2027,,,Foreign-assisted projects (FAP),"Davao City Bypass Construction Project (II) (South and Center Sections), Package 1, JICA Loan No. PH-P273",2393942000,3- HB 10858 FOR 3RD READING VOL I-C .pdf,940,"h. Davao City Bypass Construction Project (II) (South and Center Sections), Package 1, JICA Loan No. PH-P273	2393942000",visible native text; project matching remains provisional,HB10858-3-0940-016256,p688:r36,,688,True,-2000000000,same tranche,not stated
Exact normalized title found in NEP,"Mindanao Transport Connectivity Improvement Project, IBRD Loan No. 9775-PH",100.0,Central Office,5211754000,Scope-normalized title and compatible PAP/chainage/direction; amount only orders identical occurrences,2027,,,Foreign-assisted projects (FAP),"Mindanao Transport Connectivity Improvement Project, IBRD Loan No. 9775-PH",1711754000,3- HB 10858 FOR 3RD READING VOL I-C .pdf,939,"a. Mindanao Transport Connectivity Improvement Project, IBRD Loan No. 9775-PH	1711754000",visible native text; project matching remains provisional,HB10858-3-0939-016247,p688:r8,,688,True,-3500000000,not stated,not stated
Plausible NEP title counterpart; review scope,"Integrated Flood Resilience and Adaptation 1 (InFRA 1) Project, ADB Loan No. 4345- PHI",100.0,Central Office,3081329000,Global rare-token title candidates and compatible PAP/chainage/direction; 83% review threshold,2027,,,Foreign-assisted projects (FAP),"Integrated Flood Resilience and Adaptation 1 (InFRA 1) Project, ADB Loan No. 4345- PHI",1581329000,3- HB 10858 FOR 3RD READING VOL I-C .pdf,942,"d. Integrated Flood Resilience and Adaptation 1 (InFRA 1) Project, ADB Loan No. 4345- PHI	1581329000",visible native text; project matching remains provisional,HB10858-3-0942-016272,p689:r37,,689,True,-1500000000,same tranche,not stated
Exact normalized title found in NEP,"Improving Growth Corridors in Mindanao Road Sector Project (IGCMRSP ), ADB Loan No. 3631-PHI",100.0,Central Office,2112530000,Scope-normalized title and compatible PAP/chainage/direction; amount only orders identical occurrences,2027,,,Foreign-assisted projects (FAP),"Improving Growth Corridors in Mindanao Road Sector Project (IGCMRSP), ADB Loan No. 3631-PHI",1362530000,3- HB 10858 FOR 3RD READING VOL I-C .pdf,941,"a. Improving Growth Corridors in Mindanao Road Sector Project (IGCMRSP), ADB Loan No. 3631-PHI	1362530000",visible native text; project matching remains provisional,HB10858-3-0941-016260,p689:r8,,689,True,-750000000,same tranche,not stated
Exact normalized title found in NEP,"Reconstruction and Development Plan for Greater Marawi, Stage 2 , (Bangon Marawi Output 2 ), ADB Loan No. 3769-PHI",100.0,Central Office,2870547000,Scope-normalized title and compatible PAP/chainage/direction; amount only orders identical occurrences,2027,,,Foreign-assisted projects (FAP),"Reconstruction and Development Plan for Greater Marawi, Stage 2, (Bangon Marawi Output 2), ADB Loan No. 3769-PHI",1120547000,3- HB 10858 FOR 3RD READING VOL I-C .pdf,939,"a. Reconstruction and Development Plan for Greater Marawi, Stage 2, (Bangon Marawi Output 2), ADB Loan No. 3769-PHI	1120547000",visible native text; project matching remains provisional,HB10858-3-0939-016248,p688:r12,,688,True,-1750000000,same tranche,not stated
Exact normalized title found in NEP,"Accelerated Bridge Construction Project for Greater Economic Mobility and Calamity Response, France-Assisted",100.0,Central Office,1764891000,Scope-normalized title and compatible PAP/chainage/direction; amount only orders identical occurrences,2027,,,Foreign-assisted projects (FAP),"Accelerated Bridge Construction Project for Greater Economic Mobility and Calamity Response, France-Assisted",957981000,3- HB 10858 FOR 3RD READING VOL I-C .pdf,941,"a. Accelerated Bridge Construction Project for Greater Economic Mobility and Calamity Response, France-Assisted	957981000",visible native text; project matching remains provisional,HB10858-3-0941-016265,p689:r23,,689,True,-806910000,not stated,not stated
Plausible NEP title counterpart; review scope,"Infrastructure Preparation and Innovation Facility (IPIF ), 2nd Additional Financing, Output 2; Water Projects, ADB Loan No. 4424 - PHI",100.0,Central Office,1148904000,Global rare-token title candidates and compatible PAP/chainage/direction; 83% review threshold,2027,,,Foreign-assisted projects (FAP),"Infrastructure Preparation and Innovation Facility (IPIF), 2nd Additional Financing, Output 2; Water Projects, ADB Loan No. 4424 - PHI",898904000,3- HB 10858 FOR 3RD READING VOL I-C .pdf,942,"b. Infrastructure Preparation and Innovation Facility (IPIF), 2nd Additional Financing, Output 2; Water Projects, ADB Loan No. 4424 - PHI	898904000",visible native text; project matching remains provisional,HB10858-3-0942-016270,p689:r31,,689,True,-250000000,same tranche,not stated
Plausible NEP title counterpart; review scope,"Metro Manila Priority Bridges Seismic Improvement Project (MMPBSIP ), JICA Loan No. PH-P260",100.0,Central Office,2864678000,Global rare-token title candidates and compatible PAP/chainage/direction; 83% review threshold,2027,,,Foreign-assisted projects (FAP),"Metro Manila Priority Bridges Seismic Improvement Project (MMPBSIP), JICA Loan No. PH-P260",864678000,3- HB 10858 FOR 3RD READING VOL I-C .pdf,941,"a. Metro Manila Priority Bridges Seismic Improvement Project (MMPBSIP), JICA Loan No. PH-P260	864678000",visible native text; project matching remains provisional,HB10858-3-0941-016263,p689:r16,,689,True,-2000000000,not stated,not stated
Exact normalized title found in NEP,"Metro Manila Priority Bridges Seismic Improvement Project (MMPBSIP ), JICA Loan No. PH-P272",100.0,Central Office,792964000,Scope-normalized title and compatible PAP/chainage/direction; amount only orders identical occurrences,2027,,,Foreign-assisted projects (FAP),"Metro Manila Priority Bridges Seismic Improvement Project (MMPBSIP), JICA Loan No. PH-P272",792964000,3- HB 10858 FOR 3RD READING VOL I-C .pdf,941,"b. Metro Manila Priority Bridges Seismic Improvement Project (MMPBSIP), JICA Loan No. PH-P272	792964000",visible native text; project matching remains provisional,HB10858-3-0941-016264,p689:r19,,689,True,0,not stated,not stated
Exact normalized title found in NEP,"Samar Pacific Coastal Road II Project (Laoang II Bridge and Calomotan Bridge ), KEDCF Loan No. PHL-26",100.0,Central Office,1460372000,Scope-normalized title and compatible PAP/chainage/direction; amount only orders identical occurrences,2027,,,Foreign-assisted projects (FAP),"Samar Pacific Coastal Road II Project (Laoang II Bridge and Calomotan Bridge), KEDCF Loan No. PHL-26",710372000,3- HB 10858 FOR 3RD READING VOL I-C .pdf,941,"b. Samar Pacific Coastal Road II Project (Laoang II Bridge and Calomotan Bridge), KEDCF Loan No. PHL-26	710372000",visible native text; project matching remains provisional,HB10858-3-0941-016261,p689:r11,,689,True,-750000000,not stated,not stated
Plausible NEP title counterpart; review scope,"Infrastructure Preparation and Innovation Facility (IPIF ), 2nd Additional Financing, Output 1: Roads and Bridges, ADB 4424-PHI",100.0,Central Office,1057967000,Global rare-token title candidates and compatible PAP/chainage/direction; 83% review threshold,2027,,,Foreign-assisted projects (FAP),"Infrastructure Preparation and Innovation Facility (IPIF), 2nd Additional Financing, Output 1: Roads and Bridges, ADB 4424-PHI",557967000,3- HB 10858 FOR 3RD READING VOL I-C .pdf,940,"b. Infrastructure Preparation and Innovation Facility (IPIF), 2nd Additional Financing, Output 1: Roads and Bridges, ADB 4424-PHI	557967000",visible native text; project matching remains provisional,HB10858-3-0940-016250,p688:r20,,688,True,-500000000,same tranche,not stated
Plausible NEP title counterpart; review scope,"Dalton Pass East Alignment Road Project, JICA Loan No. PH-P280",100.0,Central Office,1054475000,Global rare-token title candidates and compatible PAP/chainage/direction; 83% review threshold,2027,,,Foreign-assisted projects (FAP),"Dalton Pass East Alignment Road Project, JICA Loan No. PH-P280",554475000,3- HB 10858 FOR 3RD READING VOL I-C .pdf,940,"i. Dalton Pass East Alignment Road Project, JICA Loan No. PH-P280	554475000",visible native text; project matching remains provisional,HB10858-3-0940-016257,p688:r39,,688,True,-500000000,not stated,not stated
No plausible NEP title counterpart; review candidate,"Cebu-Mactan Bridge (4th Bridge) and Coastal Road Construction Project, JICA Loan No. PH-P274",43.24,Central Office,8570911000,Global rare-token title candidates and compatible PAP/chainage/direction; 83% review threshold,2027,,,Foreign-assisted projects (FAP),"Priority Bridges Crossing Pasig-Marikina and Manggahan Floodway Bridges Construction Project, under China Government Financing Facility",326075000,3- HB 10858 FOR 3RD READING VOL I-C .pdf,941,"b. Priority Bridges Crossing Pasig-Marikina and Manggahan Floodway Bridges Construction Project, under China Government Financing Facility	326075000",visible native text; project matching remains provisional,HB10858-3-0941-016266,,,689,False,,not stated,not stated
No plausible NEP title counterpart; review candidate,"Metro Manila Priority Bridges Seismic Improvement Project (MMPBSIP ), JICA Loan No. PH-P272",53.54,Central Office,792964000,Global rare-token title candidates and compatible PAP/chainage/direction; 83% review threshold,2027,,,Foreign-assisted projects (FAP),"Metro Manila Bridges Project, ADB 4168-PHI",310763000,3- HB 10858 FOR 3RD READING VOL I-C .pdf,941,"d. Metro Manila Bridges Project, ADB 4168-PHI	310763000",visible native text; project matching remains provisional,HB10858-3-0941-016268,,,689,False,,one side stated,not stated
Plausible NEP title counterpart; review scope,"Philippines-Korea Project Preparation Facility (PK-PPF ), KEDCF PHL-20, Roads and Bridges Facility",100.0,Central Office,283528000,Global rare-token title candidates and compatible PAP/chainage/direction; 83% review threshold,2027,,,Foreign-assisted projects (FAP),"Philippines-Korea Project Preparation Facility (PK-PPF), KEDCF PHL-20, Roads and Bridges Facility",283528000,3- HB 10858 FOR 3RD READING VOL I-C .pdf,940,"d. Philippines-Korea Project Preparation Facility (PK-PPF), KEDCF PHL-20, Roads and Bridges Facility	283528000",visible native text; project matching remains provisional,HB10858-3-0940-016252,p688:r26,,688,True,0,not stated,not stated
Plausible NEP title counterpart; review scope,"Infrastructure Preparation and Innovation Facility (IPIF ), Additional Financing, Output 2: Water Projects, ADB 3886-PHI",100.0,Central Office,193636000,Global rare-token title candidates and compatible PAP/chainage/direction; 83% review threshold,2027,,,Foreign-assisted projects (FAP),"Infrastructure Preparation and Innovation Facility (IPIF), Additional Financing, Output 2: Water Projects, ADB 3886-PHI",193636000,3- HB 10858 FOR 3RD READING VOL I-C .pdf,942,"c. Infrastructure Preparation and Innovation Facility (IPIF), Additional Financing, Output 2: Water Projects, ADB 3886-PHI	193636000",visible native text; project matching remains provisional,HB10858-3-0942-016271,p689:r34,,689,True,0,same tranche,not stated
Exact normalized title found in NEP,"Philippines Seismic Risk Reduction and Resilience Project (PSRRRP ), IBRD Loan No. 9251-PH",100.0,Central Office,182970000,Scope-normalized title and compatible PAP/chainage/direction; amount only orders identical occurrences,2027,,,Foreign-assisted projects (FAP),"Philippines Seismic Risk Reduction and Resilience Project (PSRRRP), IBRD Loan No. 9251-PH",182970000,3- HB 10858 FOR 3RD READING VOL I-C .pdf,942,"1. Philippines Seismic Risk Reduction and Resilience Project (PSRRRP), IBRD Loan No. 9251-PH	182970000",visible native text; project matching remains provisional,HB10858-3-0942-016275,p690:r7,,690,True,0,not stated,not stated
Plausible NEP title counterpart; review scope,"Panglao-Tagbilaran City Offshore Bridge Connector (PTCOBC) Project, France-Assisted",100.0,Central Office,166191000,Global rare-token title candidates and compatible PAP/chainage/direction; 83% review threshold,2027,,,Foreign-assisted projects (FAP),"Panglao-Tagbilaran City Offshore Bridge Connector (PTCOBC) Project, France-Assisted",166191000,3- HB 10858 FOR 3RD READING VOL I-C .pdf,940,"e. Panglao-Tagbilaran City Offshore Bridge Connector (PTCOBC) Project, France-Assisted	166191000",visible native text; project matching remains provisional,HB10858-3-0940-016253,p688:r29,,688,True,0,not stated,not stated
Plausible NEP title counterpart; review scope,"Davao City Bypass Construction Project (South and Center Sections ), Package I, JICA Loan No. PH-P261",100.0,Central Office,145817000,Global rare-token title candidates and compatible PAP/chainage/direction; 83% review threshold,2027,,,Foreign-assisted projects (FAP),"Davao City Bypass Construction Project (South and Center Sections), Package I, JICA Loan No. PH-P261",145817000,3- HB 10858 FOR 3RD READING VOL I-C .pdf,940,"g. Davao City Bypass Construction Project (South and Center Sections), Package I, JICA Loan No. PH-P261	145817000",visible native text; project matching remains provisional,HB10858-3-0940-016255,p688:r34,,688,True,0,same tranche,not stated
No plausible NEP title counterpart; review candidate,"Accelerated Water and Sanitation Project in Selected Areas (AWSPSA ), World Bank- Assisted",43.58,Central Office,72880000,Global rare-token title candidates and compatible PAP/chainage/direction; 83% review threshold,2027,,,Foreign-assisted projects (FAP),"Road Network Development Project in Conflict-Affected Areas in Mindanao (RNDP- CAAM), JICA PH-F-P1",115254000,3- HB 10858 FOR 3RD READING VOL I-C .pdf,941,"c. Road Network Development Project in Conflict-Affected Areas in Mindanao (RNDP- CAAM), JICA PH-F-P1	115254000",visible native text; project matching remains provisional,HB10858-3-0941-016262,,,690,False,,not stated,not stated
Exact normalized title found in NEP,"Central Mindanao High Standard Highway, Cagayan de Oro-Malaybalay Section, JICA PH-P287",100.0,Central Office,87222000,Scope-normalized title and compatible PAP/chainage/direction; amount only orders identical occurrences,2027,,,Foreign-assisted projects (FAP),"Central Mindanao High Standard Highway, Cagayan de Oro-Malaybalay Section, JICA PH-P287",87222000,3- HB 10858 FOR 3RD READING VOL I-C .pdf,940,"j. Central Mindanao High Standard Highway, Cagayan de Oro-Malaybalay Section, JICA PH-P287	87222000",visible native text; project matching remains provisional,HB10858-3-0940-016258,p689:r1,,689,True,0,not stated,not stated
Exact normalized title found in NEP,"Accelerated Water and Sanitation Project in Selected Areas (AWSPSA ), World Bank- Assisted",100.0,Central Office,72880000,Scope-normalized title and compatible PAP/chainage/direction; amount only orders identical occurrences,2027,,,Foreign-assisted projects (FAP),"Accelerated Water and Sanitation Project in Selected Areas (AWSPSA), World Bank- Assisted",72880000,3- HB 10858 FOR 3RD READING VOL I-C .pdf,942,"f. Accelerated Water and Sanitation Project in Selected Areas (AWSPSA), World Bank- Assisted	72880000",visible native text; project matching remains provisional,HB10858-3-0942-016274,p690:r3,,690,True,0,not stated,not stated
No plausible NEP title counterpart; review candidate,"Davao City Bypass Construction Project (II ) (South and Center Sections ), Package 1, JICA Loan No. PH-P273",45.88,Central Office,4393942000,Global rare-token title candidates and compatible PAP/chainage/direction; 83% review threshold,2027,,,Foreign-assisted projects (FAP),"Samal Island - Davao City Connector (SIDC) Project, China GCL no. 202200600763",54818000,3- HB 10858 FOR 3RD READING VOL I-C .pdf,941,"c. Samal Island - Davao City Connector (SIDC) Project, China GCL no. 202200600763	54818000",visible native text; project matching remains provisional,HB10858-3-0941-016267,,,688,False,,one side stated,not stated
