fiscal_year,rank,region,office,category,project_name,amount
2027,1,Region I,Ilocos Norte 1st District Engineering Office,BIP - Multi-Purpose Buildings/ Facilities to support Social Services,"Construction of Multi-Purpose Building (INSPIRE BUILDING), Laoag City, Ilocos Norte",835000000.0
2027,2,Region VI,Iloilo 3rd District Engineering Office,Construction/ Rehabilitation of Flood Mitigation Facilities within Major River Basins and Principal Rivers,"Construction of Flood Control Structure along Lamunan River, Downstream, Barangay San Andres, San Rafael, Iloilo",688925000.0
2027,3,NCR,South Manila District Engineering Office,Construction/ Maintenance of Flood Mitigation Structures and Drainage Systems,Construction of Drainage along Taft Ave S02958LZ K0004 + (-330) - K0003 + 875,575000000.0
2027,4,NCR,South Manila District Engineering Office,Construction/ Maintenance of Flood Mitigation Structures and Drainage Systems,Construction of Drainage along Taft Ave S02953LZ K0002 + (-597) - K0003 + 505,553200000.0
2027,5,Region II,Isabela 4th District Engineering Office,BIP - Multi-Purpose Buildings/ Facilities to support Social Services,"Construction of Multi-Purpose Building, Barangay San Luis, Cauayan City, Isabela",535000000.0
2027,6,NCR,Quezon City 1st District Engineering Office,Buildings And Other Structures,"Construction of 10-Storey Department of Migrant Workers (DMW) Building, Agham Building Project, Quezon City",500000000.0
2027,7,Region XI,Davao del Sur District Engineering Office,Construction/ Rehabilitation of Flood Mitigation Facilities within Major River Basins and Principal Rivers,"Construction of Flood Mitigation Structure along Padada-Mainit River, Sta. 0+700.00 to Sta. 1+700.00, Kiblawan, Davao del Sur",500000000.0
2027,8,Region XI,Davao del Sur District Engineering Office,Construction/ Rehabilitation of Flood Mitigation Facilities within Major River Basins and Principal Rivers,"Construction of Flood Mitigation Structure along Padada-Mainit River, Upper Malinao, Sta. 1+100.00 to Sta. 2+100.00, Padada, Davao del Sur",500000000.0
2027,9,NCR,South Manila District Engineering Office,BIP - Multi-Purpose Buildings/ Facilities to support Social Services,"Construction of Multi-Purpose Building (PSRG Barracks), Manila",452190000.0
2027,10,Region IV-A,Cavite 3rd District Engineering Office,Construction/ Maintenance of Flood Mitigation Structures and Drainage Systems,"Construction of Revetment along Zapote River, Barangay Molino III, Bacoor City, Cavite",450000000.0
2027,11,Region IV-A,Cavite 3rd District Engineering Office,Construction/ Maintenance of Flood Mitigation Structures and Drainage Systems,"Construction of Revetment along Carmona River, Barangay Cabilang Baybay, Carmona City, Cavite",450000000.0
2027,12,NCR,Quezon City 1st District Engineering Office,Construction/ Maintenance of Flood Mitigation Structures and Drainage Systems,"Construction of Matalahib Creek Pumping Station, Quezon City",410000000.0
2027,13,Region XIII,Butuan City District Engineering Office,Construction/ Maintenance of Flood Mitigation Structures and Drainage Systems,"Breakwater Construction at the Proposed Butuan Logistical Seaport, Section 1, Brgy. Lumbocan, Butuan City",400000000.0
2027,14,Region XIII,Butuan City District Engineering Office,Construction/ Maintenance of Flood Mitigation Structures and Drainage Systems,"Dredging Works at the Proposed Butuan Logistical Seaport, Brgy. Lumbocan, Butuan City",400000000.0
2027,15,Region XIII,Butuan City District Engineering Office,BIP - Multi-Purpose Buildings/ Facilities to support Social Services,"Construction of Multi-Purpose Building, Butuan City 8.942260, 125.508396",400000000.0
2027,16,Region V,Albay 3rd District Engineering Office,Construction/ Rehabilitation of Flood Mitigation Facilities within Major River Basins and Principal Rivers,"Construction of Sabo Dam Structures, Kabang (Masarawag) River, Main Dam per Final Master Plan Report for the Bicol River Basin, Guinobatan, Albay",400000000.0
2027,17,NCR,Quezon City 2nd District Engineering Office,Buildings And Other Structures,"Construction of University of the Philippines (UP) Diliman College of Arts and Letters (CAL) Building, Diliman, Quezon City (14.652723, 121.066217)",400000000.0
2027,18,NCR,Quezon City 2nd District Engineering Office,Buildings And Other Structures,"Construction of National Tobacco Administrative Building, Quezon City (14.635833, 121.026111)",400000000.0
2027,19,NCR,South Manila District Engineering Office,Buildings And Other Structures,"Construction of the Professional Regulation Commission (PRC) Building, located at Super Block A, Central Business Park 1, Island A, Bay City, Pasay City (14.534012, 120.990826)",400000000.0
2027,20,NCR,North Manila District Engineering Office,BIP - Multi-Purpose Buildings/ Facilities to support Social Services,"Construction (Completion) of Multi-Purpose Building, Sentro Komuniudad de Santa Cruz, Manila City (14.61236745, 120.98225658)",400000000.0
2027,21,Region X,Regional Office X BARMM,Water Supply System,"Construction of Water System, Municipality of Bubong to Municipality of Ditsaan-Ramain, Lanao del Sur",400000000.0
2027,22,NIR,Negros Oriental 2nd District Engineering Office,Buildings And Other Structures,"Construction of DPWH Negros Island Region (NIR) Regional Office Building, Amlan, Negros Oriental (9.47117, 123.193393)",400000000.0
2027,23,Region III,Bataan 1st District Engineering Office,Construction/ Maintenance of Flood Mitigation Structures and Drainage Systems,"Construction of Concrete Revetment along Almacen Cut-Off Channel, Hermosa, Bataan, Sta. 0+000 -Sta.1 + 058 ( Right Side Downstream)",388000000.0
2027,24,Region V,Camarines Sur 3rd District Engineering Office,BIP - Multi-Purpose Buildings/ Facilities to support Social Services,"Construction of Camarines Sur Iconic Capitol Building, CamSur Uptown Center, Pili, Camarines Sur",360000000.0
2027,25,Region I,Ilocos Norte 2nd District Engineering Office,BIP - Multi-Purpose Buildings/ Facilities to support Social Services,"Construction of Ecotourism Building, Mount Sicapo Reserve, Nueva Era, Ilocos Norte",350000000.0
