fiscal_year,category,region,project_count,total_amount,average_amount,median_amount
2027,BIP - Access Roads and/or Bridges from the National Roads leading to Major/ Strategic Public Buildings/ Facilities,Region III,617,18849704000.0,30550573.743922204,10000000.0
2027,Construction/ Maintenance of Flood Mitigation Structures and Drainage Systems,NCR,204,13411314000.0,65741735.294117644,50000000.0
2027,BIP - Access Roads and/or Bridges from the National Roads leading to Major/ Strategic Public Buildings/ Facilities,Region X,172,12514568000.0,72759116.27906977,20000000.0
2027,BIP - Access Roads and/or Bridges from the National Roads leading to Major/ Strategic Public Buildings/ Facilities,Region IV-A,330,9901728000.0,30005236.363636363,15000000.0
2027,Construction of By-Pass and Diversion Roads,Region X,67,8690774000.0,129713044.7761194,100000000.0
2027,Construction/ Maintenance of Flood Mitigation Structures and Drainage Systems,Region IV-A,151,8407500000.0,55678807.94701987,25000000.0
2027,BIP - Access Roads and/or Bridges from the National Roads leading to Major/ Strategic Public Buildings/ Facilities,MIMAROPA,155,7862788000.0,50727664.51612903,15000000.0
2027,BIP - Multi-Purpose Buildings/ Facilities to support Social Services,Region III,397,7097658000.0,17878231.738035265,10000000.0
2027,Construction/ Maintenance of Flood Mitigation Structures and Drainage Systems,Region III,179,6814997000.0,38072608.938547485,12500000.0
2027,BIP - Multi-Purpose Buildings/ Facilities to support Social Services,Region IV-A,425,6641020000.0,15625929.411764706,8000000.0
2027,BIP - Access Roads and/or Bridges from the National Roads leading to Major/ Strategic Public Buildings/ Facilities,Region II,299,6637696000.0,22199652.173913043,12500000.0
2027,BIP - Access Roads and/or Bridges from the National Roads leading to Major/ Strategic Public Buildings/ Facilities,NCR,213,5882218000.0,27616046.948356807,15000000.0
2027,Rehabilitation/ Reconstruction/ Upgrading of Damaged Paved Roads - Primary Roads,Region VIII,20,5762853000.0,288142650.0,53371000.0
2027,BIP - Access Roads and/or Bridges from the National Roads leading to Major/ Strategic Public Buildings/ Facilities,Region V,196,5750532000.0,29339448.979591835,15000000.0
2027,BIP - Access Roads and/or Bridges from the National Roads leading to Major/ Strategic Public Buildings/ Facilities,Region XIII,47,5739403000.0,122114957.44680852,40000000.0
2027,Construction of By-Pass and Diversion Roads,Region IV-A,45,5592694000.0,124282088.8888889,100000000.0
2027,Rehabilitation/ Reconstruction/ Upgrading of Damaged Paved Roads - Primary Roads,Region V,3,5225372000.0,1741790666.6666667,2370485000.0
2027,Construction of By-Pass and Diversion Roads,Region I,21,4797534000.0,228454000.0,239681000.0
2027,Construction of By-Pass and Diversion Roads,Region V,34,4735250000.0,139272058.82352942,146500000.0
2027,Rehabilitation/ Reconstruction/ Upgrading of Damaged Paved Roads - Primary Roads,Region IV-A,21,4697114000.0,223672095.23809522,44000000.0
2027,BIP - Access Roads and/or Bridges from the National Roads leading to Major/ Strategic Public Buildings/ Facilities,CAR,173,4571417000.0,26424375.72254335,10000000.0
2027,BIP - Multi-Purpose Buildings/ Facilities to support Social Services,NCR,108,4569360000.0,42308888.88888889,20000000.0
2027,BIP - Access Roads and/or Bridges from the National Roads leading to Major/ Strategic Public Buildings/ Facilities,Region XII,96,4425666000.0,46100687.5,26280000.0
2027,Construction/ Maintenance of Flood Mitigation Structures and Drainage Systems,Region VII,76,4313840000.0,56761052.631578945,41500000.0
2027,BIP - Access Roads and/or Bridges from the National Roads leading to Major/ Strategic Public Buildings/ Facilities,NIR,166,4007766000.0,24143168.674698796,10000000.0
2027,Construction/ Maintenance of Flood Mitigation Structures and Drainage Systems,Region VI,54,3929397000.0,72766611.1111111,92330000.0
2027,Construction of By-Pass and Diversion Roads,Region II,38,3891658000.0,102412052.63157895,100000000.0
2027,Construction/ Rehabilitation of Flood Mitigation Facilities within Major River Basins and Principal Rivers,Region X,25,3849000000.0,153960000.0,135000000.0
2027,Construction of Missing Links/ New Roads,Region IV-A,30,3816900000.0,127230000.0,100000000.0
2027,BIP - Access Roads and/or Bridges from the National Roads leading to Major/ Strategic Public Buildings/ Facilities,Region I,195,3806830000.0,19522205.128205128,10000000.0
2027,Construction/ Maintenance of Flood Mitigation Structures and Drainage Systems,Region IX,47,3756078000.0,79916553.19148937,65000000.0
2027,Construction/ Maintenance of Flood Mitigation Structures and Drainage Systems,Region XIII,35,3626564000.0,103616114.28571428,57600000.0
2027,BIP - Access Roads and/or Bridges from the National Roads leading to Major/ Strategic Public Buildings/ Facilities,Region XI,41,3545250000.0,86469512.19512194,50000000.0
2027,Construction of Missing Links/ New Roads,Region X,24,3532096000.0,147170666.66666666,145000000.0
2027,Preventive Maintenance - Secondary Roads,Region IV-A,109,3476069000.0,31890541.28440367,19167000.0
2027,BIP - Access Roads and/or Bridges from the National Roads leading to Major/ Strategic Public Buildings/ Facilities,Region IX,134,3473000000.0,25917910.447761193,15000000.0
2027,BIP - Access Roads and/or Bridges from the National Roads leading to Major/ Strategic Public Buildings/ Facilities,Region VII,174,3468075000.0,19931465.51724138,5000000.0
2027,BIP - Multi-Purpose Buildings/ Facilities to support Social Services,Region II,244,3395000000.0,13913934.426229509,5000000.0
2027,Construction of Missing Links/ New Roads,CAR,25,3364266000.0,134570640.0,150000000.0
2027,Construction/ Maintenance of Flood Mitigation Structures and Drainage Systems,Region V,42,3288400000.0,78295238.09523809,77500000.0
2027,BIP - Multi-Purpose Buildings/ Facilities to support Social Services,Region I,173,3287900000.0,19005202.31213873,6500000.0
2027,Construction/ Maintenance of Flood Mitigation Structures and Drainage Systems,Region X,53,3138720000.0,59221132.0754717,40000000.0
2027,Construction of By-Pass and Diversion Roads,Region III,28,3090868000.0,110388142.85714285,95000000.0
2027,Buildings And Other Structures,NCR,13,3068000000.0,236000000.0,180000000.0
2027,Preventive Maintenance - Primary Roads,Region IX,35,3066584000.0,87616685.71428572,61617000.0
2027,BIP - Access Roads and/or Bridges from the National Roads leading to Major/ Strategic Public Buildings/ Facilities,Region VIII,129,2959668000.0,22943162.790697675,10000000.0
2027,Construction of By-Pass and Diversion Roads,Region XI,11,2868605000.0,260782272.72727272,100000000.0
2027,Construction/ Maintenance of Flood Mitigation Structures and Drainage Systems,Region II,43,2718262000.0,63215395.34883721,30000000.0
2027,Construction of By-Pass and Diversion Roads,Region VIII,23,2645369000.0,115016043.47826087,100000000.0
2027,Construction/ Maintenance of Flood Mitigation Structures and Drainage Systems,NIR,31,2553520000.0,82371612.90322581,30000000.0
2027,Construction of By-Pass and Diversion Roads,NIR,9,2491824000.0,276869333.3333333,358750000.0
2027,Construction of Missing Links/ New Roads,Region V,25,2484237000.0,99369480.0,75000000.0
2027,Preventive Maintenance - Primary Roads,Region XII,30,2467391000.0,82246366.66666667,75120000.0
2027,Construction/ Maintenance of Flood Mitigation Structures and Drainage Systems,Region VIII,41,2320800000.0,56604878.048780486,40000000.0
2027,Construction of By-Pass and Diversion Roads,Region XIII,27,2301529000.0,85241814.81481482,50000000.0
2027,Construction/ Rehabilitation of Flood Mitigation Facilities within Major River Basins and Principal Rivers,NCR,36,2287000000.0,63527777.777777776,30000000.0
2027,Replacement of Permanent Weak Bridges,Region VIII,46,2284487000.0,49662760.86956522,29696000.0
2027,Construction/ Rehabilitation of Flood Mitigation Facilities within Major River Basins and Principal Rivers,Region VI,15,2140100000.0,142673333.33333334,147500000.0
2027,BIP - Access Roads and/or Bridges from the National Roads leading to Major/ Strategic Public Buildings/ Facilities,Region VI,134,2125900000.0,15864925.373134328,10000000.0
2027,Construction of New Bridges,Region I,1,2088668000.0,2088668000.0,2088668000.0
2027,BIP - Multi-Purpose Buildings/ Facilities to support Social Services,Region X,218,2073000000.0,9509174.311926605,6000000.0
2027,Replacement of Permanent Weak Bridges,Region X,21,2037030000.0,97001428.57142857,50000000.0
2027,Construction/ Rehabilitation of Flood Mitigation Facilities within Major River Basins and Principal Rivers,Region II,18,2020552000.0,112252888.8888889,100000000.0
2027,Construction of By-Pass and Diversion Roads,Region VI,19,1990808000.0,104779368.42105263,86000000.0
2027,Construction of Missing Links/ New Roads,Region XIII,13,1946160000.0,149704615.3846154,200000000.0
2027,Widening of Permanent Bridges,Region X,19,1903796000.0,100199789.4736842,55000000.0
2027,Road Widening - Primary Roads,Region IX,17,1852824000.0,108989647.05882353,130000000.0
2027,BIP - Multi-Purpose Buildings/ Facilities to support Social Services,Region V,162,1792200000.0,11062962.962962963,7000000.0
2027,Road Widening - Secondary Roads,Region VIII,28,1762302000.0,62939357.14285714,56000000.0
2027,BIP - Multi-Purpose Buildings/ Facilities to support Social Services,Region VI,153,1747400000.0,11420915.032679738,7000000.0
2027,Widening of Permanent Bridges,Region VIII,28,1741100000.0,62182142.85714286,35750000.0
2027,Road Widening - Secondary Roads,Region V,52,1739431000.0,33450596.153846152,28675000.0
2027,Construction/ Rehabilitation of Flood Mitigation Facilities within Major River Basins and Principal Rivers,Region I,17,1738337000.0,102255117.64705883,100000000.0
2027,Widening of Permanent Bridges,Region XI,27,1711713000.0,63396777.777777776,50000000.0
2027,Construction of Missing Links/ New Roads,Region I,13,1678789000.0,129137615.38461539,100162000.0
2027,Rehabilitation/ Reconstruction/ Upgrading of Damaged Paved Roads - Secondary Roads,Region V,44,1653696000.0,37584000.0,27083500.0
2027,Road Widening - Secondary Roads,MIMAROPA,36,1620795000.0,45022083.333333336,52254500.0
2027,BIP - Multi-Purpose Buildings/ Facilities to support Social Services,CAR,80,1617425000.0,20217812.5,5000000.0
2027,Preventive Maintenance - Primary Roads,NIR,24,1569624000.0,65401000.0,61731500.0
2027,Preventive Maintenance - Secondary Roads,Region IX,32,1545709000.0,48303406.25,30165000.0
2027,Construction/ Rehabilitation of Flood Mitigation Facilities within Major River Basins and Principal Rivers,Region III,22,1542905000.0,70132045.45454545,72750000.0
2027,Widening of Permanent Bridges,Region IV-A,22,1524870000.0,69312272.72727273,59550000.0
2027,Construction of By-Pass and Diversion Roads,Region VII,8,1498000000.0,187250000.0,225000000.0
2027,Construction/ Rehabilitation of Flood Mitigation Facilities within Major River Basins and Principal Rivers,Region IV-A,13,1489296000.0,114561230.76923077,124296000.0
2027,Construction of Missing Links/ New Roads,Region XII,11,1457537000.0,132503363.63636364,150000000.0
2027,BIP - Multi-Purpose Buildings/ Facilities to support Social Services,Region VIII,125,1371576000.0,10972608.0,10000000.0
2027,Construction of New Bridges,Region IV-A,2,1350000000.0,675000000.0,675000000.0
2027,Construction/ Rehabilitation of Flood Mitigation Facilities within Major River Basins and Principal Rivers,Region VII,6,1324200000.0,220700000.0,225000000.0
2027,Widening of Permanent Bridges,Region I,17,1290337000.0,75902176.47058824,20000000.0
2027,BIP - Multi-Purpose Buildings/ Facilities to support Social Services,Region XIII,105,1265500000.0,12052380.952380951,8000000.0
2027,Construction/ Rehabilitation of Flood Mitigation Facilities within Major River Basins and Principal Rivers,Region XI,5,1265000000.0,253000000.0,150000000.0
2027,Construction of Missing Links/ New Roads,MIMAROPA,4,1260000000.0,315000000.0,250000000.0
2027,Widening of Permanent Bridges,Region II,30,1246191000.0,41539700.0,20000000.0
2027,Widening of Permanent Bridges,Region VI,17,1237500000.0,72794117.64705883,50000000.0
2027,Construction/ Rehabilitation of Flood Mitigation Facilities within Major River Basins and Principal Rivers,Region V,7,1229910000.0,175701428.57142857,145000000.0
2027,Preventive Maintenance - Tertiary Roads,Region V,22,1213235000.0,55147045.45454545,62000000.0
2027,Preventive Maintenance - Secondary Roads,MIMAROPA,20,1201717000.0,60085850.0,65835500.0
2027,BIP - Multi-Purpose Buildings/ Facilities to support Social Services,Region XII,126,1197000000.0,9500000.0,6000000.0
2027,Replacement of Permanent Weak Bridges,Region XIII,24,1192930000.0,49705416.666666664,50500000.0
2027,Buildings And Other Structures,Region IV-A,17,1145100000.0,67358823.52941176,70000000.0
2027,Replacement of Permanent Weak Bridges,Region III,16,1129549000.0,70596812.5,35000000.0
2027,BIP - Multi-Purpose Buildings/ Facilities to support Social Services,Region IX,79,1114000000.0,14101265.82278481,7000000.0
2027,Widening of Permanent Bridges,Region XII,28,1113925000.0,39783035.71428572,33024000.0
2027,BIP - Multi-Purpose Buildings/ Facilities to support Social Services,Region VII,49,1079000000.0,22020408.163265307,15000000.0
2027,Construction/ Maintenance of Flood Mitigation Structures and Drainage Systems,Region I,60,1078770000.0,17979500.0,10000000.0
2027,Buildings And Other Structures,Region XI,20,1058500000.0,52925000.0,30000000.0
2027,Construction of Missing Links/ New Roads,Region VIII,6,1037429000.0,172904833.33333334,99850000.0
2027,Widening of Permanent Bridges,NIR,20,1035368000.0,51768400.0,34710000.0
2027,Construction of By-Pass and Diversion Roads,Region IX,22,1031649000.0,46893136.36363637,34293500.0
2027,Construction of Missing Links/ New Roads,Region XI,4,1020000000.0,255000000.0,285000000.0
2027,Road Widening - Secondary Roads,Region XII,12,1008811000.0,84067583.33333333,89263000.0
2027,Preventive Maintenance - Secondary Roads,Region XII,14,997121000.0,71222928.57142857,56090500.0
2027,"Rehabilitation/ Reconstruction of Roads with Slips, Slope Collapse, and Landslide - Tertiary Roads",CAR,34,970780000.0,28552352.94117647,25562500.0
2027,BIP - Multi-Purpose Buildings/ Facilities to support Social Services,NIR,124,964300000.0,7776612.903225807,6000000.0
2027,BIP - Multi-Purpose Buildings/ Facilities to support Social Services,MIMAROPA,122,952000000.0,7803278.68852459,5250000.0
2027,Preventive Maintenance - Primary Roads,Region IV-A,36,933137000.0,25920472.222222224,16565500.0
2027,Road Widening - Primary Roads,Region XII,13,922390000.0,70953076.92307693,71986000.0
2027,Preventive Maintenance - Primary Roads,Region I,13,917977000.0,70613615.38461539,16000000.0
2027,Replacement of Permanent Weak Bridges,Region I,7,908436000.0,129776571.42857143,90000000.0
2027,Buildings And Other Structures,Region VI,17,886975000.0,52175000.0,40000000.0
2027,Widening of Permanent Bridges,Region XIII,19,883278000.0,46488315.78947368,37000000.0
2027,Water Supply System,Region XIII,9,877500000.0,97500000.0,3500000.0
2027,Widening of Permanent Bridges,Region IX,14,876338000.0,62595571.428571425,43768500.0
2027,Construction of Missing Links/ New Roads,NIR,4,872000000.0,218000000.0,211000000.0
2027,Buildings And Other Structures,Region VIII,14,864700000.0,61764285.71428572,50000000.0
2027,Preventive Maintenance - Tertiary Roads,MIMAROPA,15,858649000.0,57243266.666666664,54538000.0
2027,Road Widening - Primary Roads,NIR,12,824735000.0,68727916.66666667,67345500.0
2027,BIP - Multi-Purpose Buildings/ Facilities to support Social Services,Region XI,83,810500000.0,9765060.240963856,8000000.0
2027,Construction/ Rehabilitation of Flood Mitigation Facilities within Major River Basins and Principal Rivers,Region VIII,8,804780000.0,100597500.0,100000000.0
2027,"Rehabilitation/ Reconstruction of Roads with Slips, Slope Collapse, and Landslide - Secondary Roads",CAR,32,801680000.0,25052500.0,18273000.0
2027,Preventive Maintenance - Tertiary Roads,Region XII,16,799588000.0,49974250.0,38989000.0
2027,Replacement of Permanent Weak Bridges,Region V,14,773000000.0,55214285.71428572,45000000.0
2027,Buildings And Other Structures,Region III,17,768700000.0,45217647.058823526,20000000.0
2027,Construction/ Maintenance of Flood Mitigation Structures and Drainage Systems,Region XI,6,759900000.0,126650000.0,125000000.0
2027,Water Supply System,Region X,25,734000000.0,29360000.0,10000000.0
2027,Buildings And Other Structures,Region II,23,724600000.0,31504347.826086957,5000000.0
2027,Rehabilitation/ Reconstruction/ Upgrading of Damaged Paved Roads - Secondary Roads,Region VII,15,714261000.0,47617400.0,37353000.0
2027,Water Supply System,CAR,17,703000000.0,41352941.176470585,40000000.0
2027,Preventive Maintenance - Tertiary Roads,Region IV-A,24,688874000.0,28703083.333333332,21461000.0
2027,Construction of Missing Links/ New Roads,Region II,3,682348000.0,227449333.33333334,200000000.0
2027,Replacement of Permanent Weak Bridges,Region II,6,675041000.0,112506833.33333333,104100000.0
2027,"Rehabilitation/ Reconstruction of Roads with Slips, Slope Collapse, and Landslide - Secondary Roads",MIMAROPA,19,671420000.0,35337894.7368421,31000000.0
2027,Preventive Maintenance - Primary Roads,Region XIII,4,670593000.0,167648250.0,178753000.0
2027,Buildings And Other Structures,NIR,9,660100000.0,73344444.44444445,10000000.0
2027,Preventive Maintenance - Primary Roads,Region V,17,652137000.0,38361000.0,28170000.0
2027,Preventive Maintenance - Primary Roads,Region X,11,642927000.0,58447909.09090909,52716000.0
2027,Preventive Maintenance - Secondary Roads,NIR,16,641593000.0,40099562.5,31850000.0
2027,"Rehabilitation/ Reconstruction of Roads with Slips, Slope Collapse, and Landslide - Tertiary Roads",Region II,10,640000000.0,64000000.0,62500000.0
2027,Road Widening - Secondary Roads,Region VII,13,609849000.0,46911461.538461536,41215000.0
2027,Road Widening - Secondary Roads,Region VI,16,606863000.0,37928937.5,26650000.0
2027,Off-Carriageway Improvement - Secondary Roads,Region X,14,603140000.0,43081428.571428575,45790000.0
2027,Preventive Maintenance - Secondary Roads,Region I,6,600000000.0,100000000.0,100000000.0
2027,Construction/ Maintenance of Flood Mitigation Structures and Drainage Systems,Region XII,17,598340000.0,35196470.5882353,20000000.0
2027,"Rehabilitation/ Reconstruction of Roads with Slips, Slope Collapse, and Landslide - Secondary Roads",Region XI,14,595651000.0,42546500.0,40695500.0
2027,"Rehabilitation/ Reconstruction of Roads with Slips, Slope Collapse, and Landslide - Secondary Roads",Region VIII,13,595067000.0,45774384.615384616,35000000.0
2027,Road Widening - Secondary Roads,Region IX,15,593804000.0,39586933.333333336,37630000.0
2027,Preventive Maintenance - Primary Roads,Region XI,9,593290000.0,65921111.11111111,65000000.0
2027,Construction/ Maintenance of Flood Mitigation Structures and Drainage Systems,CAR,7,590900000.0,84414285.71428572,46000000.0
2027,Water Supply System,Region III,38,584000000.0,15368421.05263158,6000000.0
2027,Preventive Maintenance - Secondary Roads,Region V,25,581456000.0,23258240.0,15491000.0
2027,Preventive Maintenance - Primary Roads,Region VIII,10,573242000.0,57324200.0,53926500.0
2027,Buildings And Other Structures,CAR,8,571200000.0,71400000.0,42500000.0
2027,Water Supply System,Region I,75,563000000.0,7506666.666666667,5000000.0
2027,Preventive Maintenance - Secondary Roads,Region VII,13,552575000.0,42505769.23076923,34697000.0
2027,"Rehabilitation/ Reconstruction of Roads with Slips, Slope Collapse, and Landslide - Primary Roads",Region XI,13,548350000.0,42180769.23076923,30000000.0
2027,Retrofitting/ Strengthening of Permanent Bridges,Region VIII,16,546191000.0,34136937.5,12150000.0
2027,"Rehabilitation/ Reconstruction of Roads with Slips, Slope Collapse, and Landslide - Secondary Roads",Region VII,13,545000000.0,41923076.92307692,25000000.0
2027,Rehabilitation/ Major Repair of Permanent Bridges,Region VIII,51,536602000.0,10521607.843137255,6500000.0
2027,Construction of New Bridges,Region V,3,525000000.0,175000000.0,145000000.0
2027,Construction/ Maintenance of Flood Mitigation Structures and Drainage Systems,MIMAROPA,25,511500000.0,20460000.0,15000000.0
2027,Road Widening - Secondary Roads,Region I,5,500000000.0,100000000.0,100000000.0
2027,Rehabilitation/ Reconstruction/ Upgrading of Damaged Paved Roads - Secondary Roads,NIR,15,498017000.0,33201133.333333332,20972000.0
2027,"Rehabilitation/ Reconstruction of Roads with Slips, Slope Collapse, and Landslide - Secondary Roads",Region IV-A,6,493900000.0,82316666.66666667,87450000.0
2027,Road Widening - Tertiary Roads,Region XII,7,492185000.0,70312142.85714285,57664000.0
2027,Rehabilitation/ Reconstruction/ Upgrading of Damaged Paved Roads - Primary Roads,Region VII,14,479012000.0,34215142.85714286,21338000.0
2027,Water Supply System,Region IV-A,54,471000000.0,8722222.222222222,6000000.0
2027,Construction of By-Pass and Diversion Roads,Region XII,8,463470000.0,57933750.0,61000000.0
2027,"Rehabilitation/ Reconstruction of Roads with Slips, Slope Collapse, and Landslide - Tertiary Roads",Region III,4,461714000.0,115428500.0,117808500.0
2027,Rehabilitation/ Major Repair of Permanent Bridges,Region XII,19,460526000.0,24238210.52631579,13200000.0
2027,Rehabilitation/ Major Repair of Permanent Bridges,Region VII,26,459301000.0,17665423.076923076,10000000.0
2027,Road Widening - Secondary Roads,Region XI,6,455847000.0,75974500.0,62164500.0
2027,Replacement of Permanent Weak Bridges,MIMAROPA,7,454430000.0,64918571.428571425,70000000.0
2027,Replacement of Permanent Weak Bridges,Region XI,5,451600000.0,90320000.0,100000000.0
2027,BIP - Coastal Roads to augment Resiliency of Coastal Communities,Region X,1,450000000.0,450000000.0,450000000.0
2027,Water Supply System,Region XI,70,443500000.0,6335714.285714285,5000000.0
2027,Road Widening - Tertiary Roads,Region VI,6,440539000.0,73423166.66666667,92280000.0
2027,Rehabilitation/ Reconstruction/ Upgrading of Damaged Paved Roads - Secondary Roads,Region IV-A,35,428725000.0,12249285.714285715,11642000.0
2027,Preventive Maintenance - Secondary Roads,Region VIII,11,412497000.0,37499727.27272727,33289000.0
2027,Preventive Maintenance - Secondary Roads,Region XIII,7,411394000.0,58770571.428571425,64000000.0
2027,Preventive Maintenance - Secondary Roads,Region XI,5,410000000.0,82000000.0,50000000.0
2027,Retrofitting/ Strengthening of Permanent Bridges,Region I,4,405065000.0,101266250.0,17175000.0
2027,Construction of Missing Links/ New Roads,Region III,1,400000000.0,400000000.0,400000000.0
2027,Replacement of Permanent Weak Bridges,Region XII,10,398107000.0,39810700.0,24050000.0
2027,Water Supply System,NIR,20,390000000.0,19500000.0,7250000.0
2027,Buildings And Other Structures,Region X,7,385100000.0,55014285.71428572,50000000.0
2027,Widening of Permanent Bridges,Region V,9,384000000.0,42666666.666666664,30000000.0
2027,Replacement of Permanent Weak Bridges,Region IX,10,375000000.0,37500000.0,30000000.0
2027,Rehabilitation/ Major Repair of Permanent Bridges,NCR,31,372100000.0,12003225.806451613,3000000.0
2027,Construction of By-Pass and Diversion Roads,CAR,10,368048000.0,36804800.0,15974000.0
2027,BIP - Coastal Roads to augment Resiliency of Coastal Communities,Region VII,5,361000000.0,72200000.0,30000000.0
2027,Buildings And Other Structures,Region V,9,360400000.0,40044444.44444445,10000000.0
2027,Buildings And Other Structures,Region XIII,9,355000000.0,39444444.44444445,10000000.0
2027,Buildings And Other Structures,Region VII,4,353900000.0,88475000.0,86650000.0
2027,Rehabilitation/ Reconstruction/ Upgrading of Damaged Paved Roads - Primary Roads,Region IX,16,351735000.0,21983437.5,9768500.0
2027,Rehabilitation/ Reconstruction/ Upgrading of Damaged Paved Roads - Primary Roads,Region III,8,351164000.0,43895500.0,17512000.0
2027,Preventive Maintenance - Tertiary Roads,Region III,13,349622000.0,26894000.0,20891000.0
2027,Retrofitting/ Strengthening of Permanent Bridges,MIMAROPA,23,347323000.0,15101000.0,11960000.0
2027,Rehabilitation/ Reconstruction/ Upgrading of Damaged Paved Roads - Tertiary Roads,Region V,10,347161000.0,34716100.0,34805000.0
2027,Rehabilitation/ Reconstruction/ Upgrading of Damaged Paved Roads - Tertiary Roads,CAR,14,344127000.0,24580500.0,19971000.0
2027,Road Widening - Secondary Roads,Region X,7,343160000.0,49022857.14285714,34155000.0
2027,Preventive Maintenance - Primary Roads,Region II,6,337056000.0,56176000.0,53296500.0
2027,Buildings And Other Structures,MIMAROPA,15,332700000.0,22180000.0,9000000.0
2027,Water Supply System,Region II,27,330000000.0,12222222.222222222,5000000.0
2027,Preventive Maintenance - Tertiary Roads,Region IX,9,328186000.0,36465111.11111111,21782000.0
2027,Replacement of Permanent Weak Bridges,Region VII,7,328000000.0,46857142.85714286,43000000.0
2027,Buildings And Other Structures,Region I,7,321300000.0,45900000.0,40000000.0
2027,Retrofitting/ Strengthening of Permanent Bridges,NCR,11,318223000.0,28929363.636363637,20000000.0
2027,Construction of Flyovers/ Interchanges/ Underpasses/ Long Span Bridges,Region VII,1,315000000.0,315000000.0,315000000.0
2027,Road Widening - Secondary Roads,Region III,10,311011000.0,31101100.0,34549500.0
2027,Rehabilitation/ Reconstruction/ Upgrading of Damaged Paved Roads - Secondary Roads,MIMAROPA,10,305108000.0,30510800.0,19698000.0
2027,Preventive Maintenance - Tertiary Roads,Region II,8,304381000.0,38047625.0,37401000.0
2027,Widening of Permanent Bridges,MIMAROPA,5,302750000.0,60550000.0,50000000.0
2027,Paving of Unpaved Roads - Tertiary Roads,Region X,8,298409000.0,37301125.0,42387000.0
2027,Buildings And Other Structures,Region IX,7,285400000.0,40771428.571428575,600000.0
2027,"Rehabilitation/ Reconstruction of Roads with Slips, Slope Collapse, and Landslide - Secondary Roads",Region XII,5,282748000.0,56549600.0,46856000.0
2027,"Rehabilitation/ Reconstruction of Roads with Slips, Slope Collapse, and Landslide - Tertiary Roads",Region VIII,10,282547000.0,28254700.0,8685000.0
2027,Rehabilitation/ Reconstruction/ Upgrading of Damaged Paved Roads - Tertiary Roads,Region VI,8,280937000.0,35117125.0,34888500.0
2027,Rehabilitation/ Reconstruction/ Upgrading of Damaged Paved Roads - Secondary Roads,Region VIII,5,280175000.0,56035000.0,54387000.0
2027,Off-Carriageway Improvement - Secondary Roads,Region I,4,277422000.0,69355500.0,83711000.0
2027,Water Supply System,Region V,17,275500000.0,16205882.352941176,8000000.0
2027,Construction/ Upgrading/ Rehabilitation of Drainage along National Roads - Primary Roads,Region IV-A,6,275318000.0,45886333.333333336,50000000.0
2027,Construction/ Rehabilitation of Flood Mitigation Facilities within Major River Basins and Principal Rivers,CAR,3,275000000.0,91666666.66666667,100000000.0
2027,Preventive Maintenance - Tertiary Roads,Region XI,2,275000000.0,137500000.0,137500000.0
2027,Preventive Maintenance - Primary Roads,MIMAROPA,3,260000000.0,86666666.66666667,90000000.0
2027,Construction/ Upgrading/ Rehabilitation of Drainage along National Roads - Secondary Roads,Region VIII,7,255516000.0,36502285.71428572,25000000.0
2027,Construction/ Upgrading/ Rehabilitation of Drainage along National Roads - Primary Roads,Region V,7,252001000.0,36000142.85714286,30000000.0
2027,Road Widening - Secondary Roads,CAR,6,249283000.0,41547166.666666664,43500500.0
2027,Paving of Unpaved Roads - Tertiary Roads,Region IX,5,241673000.0,48334600.0,16576000.0
2027,Rehabilitation/ Major Repair of Permanent Bridges,Region IV-A,9,241180000.0,26797777.777777776,10080000.0
2027,Construction/ Upgrading/ Rehabilitation of Drainage along National Roads - Secondary Roads,MIMAROPA,8,237881000.0,29735125.0,20650000.0
2027,Construction/ Rehabilitation of Flood Mitigation Facilities within Major River Basins and Principal Rivers,Region XII,3,231250000.0,77083333.33333333,87500000.0
2027,BIP - Coastal Roads to augment Resiliency of Coastal Communities,NIR,4,230000000.0,57500000.0,12500000.0
2027,Rehabilitation/ Major Repair of Permanent Bridges,Region X,22,229460000.0,10430000.0,6543000.0
2027,Water Supply System,Region VII,18,225000000.0,12500000.0,5000000.0
2027,Road Widening - Primary Roads,Region II,3,223980000.0,74660000.0,69655000.0
2027,Preventive Maintenance - Secondary Roads,Region VI,3,220073000.0,73357666.66666667,74000000.0
2027,Construction of Flyovers/ Interchanges/ Underpasses/ Long Span Bridges,Region XII,1,219717000.0,219717000.0,219717000.0
2027,Road Widening - Secondary Roads,Region XIII,4,217704000.0,54426000.0,58385000.0
2027,Rehabilitation/ Reconstruction/ Upgrading of Damaged Paved Roads - Primary Roads,NIR,16,217484000.0,13592750.0,10163000.0
2027,Preventive Maintenance - Secondary Roads,NCR,10,217144000.0,21714400.0,12265000.0
2027,Road Widening - Tertiary Roads,Region II,3,211625000.0,70541666.66666667,59865000.0
2027,Construction of Missing Links/ New Roads,Region IX,2,210000000.0,105000000.0,105000000.0
2027,Preventive Maintenance - Primary Roads,Region III,5,207022000.0,41404400.0,33859000.0
2027,Off-Carriageway Improvement - Primary Roads,Region X,10,206371000.0,20637100.0,15445500.0
2027,Water Supply System,MIMAROPA,19,205500000.0,10815789.47368421,7000000.0
2027,"Rehabilitation/ Reconstruction of Roads with Slips, Slope Collapse, and Landslide - Tertiary Roads",MIMAROPA,3,204200000.0,68066666.66666667,53800000.0
2027,Replacement of Permanent Weak Bridges,Region IV-A,3,200200000.0,66733333.333333336,32200000.0
2027,Construction of Flyovers/ Interchanges/ Underpasses/ Long Span Bridges,Region III,1,200000000.0,200000000.0,200000000.0
2027,Replacement of Bridges (Temporary to Permanent),Region X,1,200000000.0,200000000.0,200000000.0
2027,Off-Carriageway Improvement - Tertiary Roads,Region V,2,200000000.0,100000000.0,100000000.0
2027,Preventive Maintenance - Tertiary Roads,Region VII,10,198641000.0,19864100.0,15000000.0
2027,Off-Carriageway Improvement - Secondary Roads,Region IV-A,4,198464000.0,49616000.0,48031500.0
2027,Rehabilitation/ Reconstruction/ Upgrading of Damaged Paved Roads - Secondary Roads,Region VI,6,198295000.0,33049166.666666668,26174000.0
2027,Water Supply System,Region IX,16,193500000.0,12093750.0,5000000.0
2027,Retrofitting/ Strengthening of Permanent Bridges,Region XII,12,192800000.0,16066666.666666666,17100000.0
2027,Rehabilitation/ Reconstruction/ Upgrading of Damaged Paved Roads - Tertiary Roads,NCR,9,191143000.0,21238111.111111112,18500000.0
2027,Road Widening - Primary Roads,Region IV-A,5,187905000.0,37581000.0,38570000.0
2027,Off-Carriageway Improvement - Primary Roads,NIR,7,186361000.0,26623000.0,25000000.0
2027,"Rehabilitation/ Reconstruction of Roads with Slips, Slope Collapse, and Landslide - Tertiary Roads",Region I,4,185000000.0,46250000.0,37875000.0
2027,Buildings And Other Structures,Region XII,3,183000000.0,61000000.0,2400000.0
2027,Preventive Maintenance - Primary Roads,Region VI,5,182701000.0,36540200.0,30000000.0
2027,Off-Carriageway Improvement - Secondary Roads,Region VII,5,182040000.0,36408000.0,40000000.0
2027,Off-Carriageway Improvement - Secondary Roads,CAR,9,181003000.0,20111444.444444444,14826000.0
2027,Rehabilitation/ Reconstruction/ Upgrading of Damaged Paved Roads - Tertiary Roads,NIR,11,180562000.0,16414727.272727273,11000000.0
2027,Rehabilitation/ Major Repair of Permanent Bridges,Region III,14,179450000.0,12817857.142857144,13510000.0
2027,Off-Carriageway Improvement - Secondary Roads,Region XIII,3,177503000.0,59167666.666666664,49675000.0
2027,Construction/ Upgrading/ Rehabilitation of Drainage along National Roads - Secondary Roads,NCR,1,177000000.0,177000000.0,177000000.0
2027,"Rehabilitation/ Reconstruction of Roads with Slips, Slope Collapse, and Landslide - Primary Roads",Region VIII,7,176398000.0,25199714.285714287,7500000.0
2027,Road Widening - Secondary Roads,NIR,3,172680000.0,57560000.0,44163000.0
2027,Road Widening - Secondary Roads,Region IV-A,6,171183000.0,28530500.0,27868500.0
2027,Off-Carriageway Improvement - Primary Roads,Region XI,5,170556000.0,34111200.0,25000000.0
2027,Off-Carriageway Improvement - Tertiary Roads,Region II,3,164033000.0,54677666.666666664,56403000.0
2027,Preventive Maintenance - Tertiary Roads,NIR,9,160932000.0,17881333.333333332,8673000.0
2027,Preventive Maintenance - Primary Roads,Region VII,5,159607000.0,31921400.0,25000000.0
2027,Construction/ Upgrading/ Rehabilitation of Drainage along National Roads - Primary Roads,Region X,9,157232000.0,17470222.222222224,18000000.0
2027,Rehabilitation/ Major Repair of Permanent Bridges,Region VI,14,156780000.0,11198571.42857143,10000000.0
2027,Construction/ Upgrading/ Rehabilitation of Drainage along National Roads - Primary Roads,Region I,5,156372000.0,31274400.0,28800000.0
2027,"Rehabilitation/ Reconstruction of Roads with Slips, Slope Collapse, and Landslide - Secondary Roads",Region X,5,155100000.0,31020000.0,22000000.0
2027,Construction/ Rehabilitation of Flood Mitigation Facilities within Major River Basins and Principal Rivers,Region XIII,1,155000000.0,155000000.0,155000000.0
2027,"Rehabilitation/ Reconstruction of Roads with Slips, Slope Collapse, and Landslide - Tertiary Roads",Region XIII,2,155000000.0,77500000.0,77500000.0
2027,Construction of New Bridges,Region VIII,1,150000000.0,150000000.0,150000000.0
2027,Construction of Missing Links/ New Roads,Region VII,1,150000000.0,150000000.0,150000000.0
2027,Preventive Maintenance - Tertiary Roads,NCR,10,148179000.0,14817900.0,4288000.0
2027,Preventive Maintenance - Tertiary Roads,Region VI,6,148069000.0,24678166.666666668,26934500.0
2027,"Rehabilitation/ Reconstruction of Roads with Slips, Slope Collapse, and Landslide - Primary Roads",Region XIII,2,146000000.0,73000000.0,73000000.0
2027,Road Widening - Tertiary Roads,MIMAROPA,2,145807000.0,72903500.0,72903500.0
2027,"Rehabilitation/ Reconstruction of Roads with Slips, Slope Collapse, and Landslide - Primary Roads",Region VII,1,145000000.0,145000000.0,145000000.0
2027,"Rehabilitation/ Reconstruction of Roads with Slips, Slope Collapse, and Landslide - Secondary Roads",Region XIII,3,141500000.0,47166666.666666664,47000000.0
2027,Rehabilitation/ Major Repair of Permanent Bridges,Region XIII,13,137500000.0,10576923.076923076,6000000.0
2027,Preventive Maintenance - Tertiary Roads,CAR,3,137026000.0,45675333.333333336,48028000.0
2027,Replacement of Permanent Weak Bridges,CAR,4,135000000.0,33750000.0,40000000.0
2027,Replacement of Permanent Weak Bridges,NIR,3,133000000.0,44333333.333333336,50000000.0
2027,Preventive Maintenance - Secondary Roads,CAR,3,132433000.0,44144333.333333336,45690000.0
2027,Rehabilitation/ Reconstruction/ Upgrading of Damaged Paved Roads - Tertiary Roads,Region IV-A,12,131516000.0,10959666.666666666,8788500.0
2027,Retrofitting/ Strengthening of Permanent Bridges,Region II,8,129140000.0,16142500.0,12597500.0
2027,Road Widening - Tertiary Roads,Region XIII,6,128934000.0,21489000.0,14549000.0
2027,Construction/ Upgrading/ Rehabilitation of Drainage along National Roads - Secondary Roads,Region VI,3,128353000.0,42784333.333333336,44194000.0
2027,Rehabilitation/ Reconstruction/ Upgrading of Damaged Paved Roads - Tertiary Roads,Region VII,7,126089000.0,18012714.285714287,13000000.0
2027,BIP - Local Ports and Boat Landings,Region X,2,125000000.0,62500000.0,62500000.0
2027,Off-Carriageway Improvement - Primary Roads,Region II,3,121370000.0,40456666.666666664,9159000.0
2027,"Rehabilitation/ Reconstruction of Roads with Slips, Slope Collapse, and Landslide - Primary Roads",CAR,1,121000000.0,121000000.0,121000000.0
2027,BIP - Coastal Roads to augment Resiliency of Coastal Communities,Region III,1,120000000.0,120000000.0,120000000.0
2027,BIP - Coastal Roads to augment Resiliency of Coastal Communities,Region IV-A,1,120000000.0,120000000.0,120000000.0
2027,Rehabilitation/ Major Repair of Permanent Bridges,NIR,16,119800000.0,7487500.0,3445000.0
2027,Rehabilitation/ Major Repair of Permanent Bridges,Region V,21,119276000.0,5679809.523809524,4000000.0
2027,"Rehabilitation/ Reconstruction of Roads with Slips, Slope Collapse, and Landslide - Secondary Roads",Region III,1,118998000.0,118998000.0,118998000.0
2027,Road Widening - Primary Roads,Region V,7,117051000.0,16721571.42857143,10691000.0
2027,BIP - Local Ports and Boat Landings,MIMAROPA,4,117000000.0,29250000.0,13500000.0
2027,Off-Carriageway Improvement - Tertiary Roads,NIR,5,111421000.0,22284200.0,15471000.0
2027,Retrofitting/ Strengthening of Permanent Bridges,Region XIII,4,110000000.0,27500000.0,25000000.0
2027,Preventive Maintenance - Primary Roads,NCR,2,109887000.0,54943500.0,54943500.0
2027,Preventive Maintenance - Secondary Roads,Region II,3,107424000.0,35808000.0,46924000.0
2027,Rehabilitation/ Reconstruction/ Upgrading of Damaged Paved Roads - Secondary Roads,Region XIII,6,106711000.0,17785166.666666668,15214500.0
2027,Construction/ Upgrading/ Rehabilitation of Drainage along National Roads - Secondary Roads,CAR,6,105611000.0,17601833.333333332,13895500.0
2027,Construction of New Bridges,Region IX,4,105360000.0,26340000.0,26340000.0
2027,Rehabilitation/ Major Repair of Permanent Bridges,MIMAROPA,4,105000000.0,26250000.0,22500000.0
2027,Road Widening - Primary Roads,Region VI,3,101112000.0,33704000.0,10892000.0
2027,BIP - Coastal Roads to augment Resiliency of Coastal Communities,Region II,1,100000000.0,100000000.0,100000000.0
2027,Road Widening - Primary Roads,Region X,1,100000000.0,100000000.0,100000000.0
2027,Preventive Maintenance - Secondary Roads,Region X,1,100000000.0,100000000.0,100000000.0
2027,Septage and Sewerage,Nationwide,1,100000000.0,100000000.0,100000000.0
2027,"Rehabilitation/ Reconstruction of Roads with Slips, Slope Collapse, and Landslide - Secondary Roads",Region V,2,100000000.0,50000000.0,50000000.0
2027,"Rehabilitation/ Reconstruction of Roads with Slips, Slope Collapse, and Landslide - Secondary Roads",Region I,1,100000000.0,100000000.0,100000000.0
2027,Construction/ Upgrading/ Rehabilitation of Drainage along National Roads - Secondary Roads,Region I,4,95364000.0,23841000.0,16900000.0
2027,Retrofitting/ Strengthening of Permanent Bridges,Region VII,2,95000000.0,47500000.0,47500000.0
2027,Rehabilitation/ Reconstruction/ Upgrading of Damaged Paved Roads - Secondary Roads,NCR,4,91878000.0,22969500.0,21439000.0
2027,Rehabilitation/ Reconstruction/ Upgrading of Damaged Paved Roads - Secondary Roads,Region XII,3,91011000.0,30337000.0,21049000.0
2027,Off-Carriageway Improvement - Primary Roads,Region VII,2,90000000.0,45000000.0,45000000.0
2027,Off-Carriageway Improvement - Tertiary Roads,CAR,3,86469000.0,28823000.0,30359000.0
2027,Rehabilitation/ Reconstruction/ Upgrading of Damaged Paved Roads - Primary Roads,Region I,10,85990000.0,8599000.0,7539000.0
2027,Construction of New Bridges,Region XIII,1,84440000.0,84440000.0,84440000.0
2027,Retrofitting/ Strengthening of Permanent Bridges,NIR,7,83000000.0,11857142.857142856,12000000.0
2027,Rehabilitation/ Major Repair of Permanent Bridges,Region II,8,82792000.0,10349000.0,8000000.0
2027,Construction/ Upgrading/ Rehabilitation of Drainage along National Roads - Primary Roads,Region VI,2,81602000.0,40801000.0,40801000.0
2027,Retrofitting/ Strengthening of Permanent Bridges,Region X,4,80000000.0,20000000.0,20000000.0
2027,Construction/ Upgrading/ Rehabilitation of Drainage along National Roads - Primary Roads,Region III,4,77919000.0,19479750.0,10975000.0
2027,Rehabilitation/ Reconstruction/ Upgrading of Damaged Paved Roads - Tertiary Roads,Region II,10,77044000.0,7704400.0,3476000.0
2027,Rainwater Collector System,Region III,17,76200000.0,4482352.94117647,4200000.0
2027,Rainwater Collector System,Region V,17,76200000.0,4482352.94117647,4200000.0
2027,Rainwater Collector System,Region IV-A,17,76200000.0,4482352.94117647,4200000.0
2027,Rehabilitation/ Reconstruction/ Upgrading of Damaged Paved Roads - Tertiary Roads,Region III,6,74508000.0,12418000.0,11431000.0
2027,Construction/ Upgrading/ Rehabilitation of Drainage along National Roads - Tertiary Roads,Region VII,1,72750000.0,72750000.0,72750000.0
2027,Preventive Maintenance - Secondary Roads,Region III,7,71481000.0,10211571.42857143,10625000.0
2027,Rehabilitation/ Reconstruction/ Upgrading of Damaged Paved Roads - Tertiary Roads,Region VIII,2,71180000.0,35590000.0,35590000.0
2027,Construction of New Bridges,MIMAROPA,1,70000000.0,70000000.0,70000000.0
2027,Rainwater Collector System,Region X,15,67800000.0,4520000.0,4200000.0
2027,Rainwater Collector System,Region VIII,15,67800000.0,4520000.0,4200000.0
2027,Road Widening - Tertiary Roads,Region IV-A,1,67614000.0,67614000.0,67614000.0
2027,Rehabilitation/ Reconstruction/ Upgrading of Damaged Paved Roads - Secondary Roads,Region IX,6,65748000.0,10958000.0,8698500.0
2027,Rainwater Collector System,Region IX,14,63600000.0,4542857.142857143,4200000.0
2027,Rehabilitation/ Reconstruction/ Upgrading of Damaged Paved Roads - Tertiary Roads,Region XII,2,62523000.0,31261500.0,31261500.0
2027,Road Widening - Primary Roads,Region XI,2,62500000.0,31250000.0,31250000.0
2027,Water Supply System,Region VIII,12,62400000.0,5200000.0,2500000.0
2027,Rehabilitation/ Major Repair of Permanent Bridges,Region I,3,62000000.0,20666666.666666668,20000000.0
2027,Construction of New Bridges,Region VI,2,60000000.0,30000000.0,30000000.0
2027,Rainwater Collector System,CAR,13,59400000.0,4569230.769230769,4200000.0
2027,Water Supply System,Region XII,13,58500000.0,4500000.0,5000000.0
2027,Preventive Maintenance - Tertiary Roads,Region I,4,57911000.0,14477750.0,13269000.0
2027,Construction/ Upgrading/ Rehabilitation of Drainage along National Roads - Primary Roads,Region IX,2,56550000.0,28275000.0,28275000.0
2027,Road Widening - Tertiary Roads,Region V,3,56526000.0,18842000.0,20990000.0
2027,Rehabilitation/ Major Repair of Permanent Bridges,Region IX,8,55850000.0,6981250.0,4775000.0
2027,Rainwater Collector System,Region VII,12,55200000.0,4600000.0,4200000.0
2027,Rainwater Collector System,Region VI,12,55200000.0,4600000.0,4200000.0
2027,Rainwater Collector System,Region XI,12,55200000.0,4600000.0,4200000.0
2027,Rainwater Collector System,Region II,12,55200000.0,4600000.0,4200000.0
2027,Retrofitting/ Strengthening of Permanent Bridges,Region III,3,55000000.0,18333333.333333332,20000000.0
2027,Water Supply System,Region VI,5,55000000.0,11000000.0,10000000.0
2027,Retrofitting/ Strengthening of Permanent Bridges,Region VI,2,53280000.0,26640000.0,26640000.0
2027,Off-Carriageway Improvement - Tertiary Roads,Region IV-A,3,51694000.0,17231333.333333332,7226000.0
2027,Rainwater Collector System,Region I,11,51000000.0,4636363.636363637,4200000.0
2027,Rainwater Collector System,NIR,11,51000000.0,4636363.636363637,4200000.0
2027,Construction/ Upgrading/ Rehabilitation of Drainage along National Roads - Secondary Roads,Region V,2,51000000.0,25500000.0,25500000.0
2027,Off-Carriageway Improvement - Tertiary Roads,Region XIII,1,50000000.0,50000000.0,50000000.0
2027,BIP - Local Ports and Boat Landings,Region VII,1,50000000.0,50000000.0,50000000.0
2027,Construction/ Upgrading/ Rehabilitation of Drainage along National Roads - Tertiary Roads,Region IV-A,2,50000000.0,25000000.0,25000000.0
2027,Off-Carriageway Improvement - Tertiary Roads,Region III,5,49482000.0,9896400.0,9250000.0
2027,Rehabilitation/ Reconstruction/ Upgrading of Damaged Paved Roads - Primary Roads,Region XII,2,49110000.0,24555000.0,24555000.0
2027,Road Widening - Primary Roads,Region VII,1,48020000.0,48020000.0,48020000.0
2027,Rainwater Collector System,NCR,10,46800000.0,4680000.0,4200000.0
2027,Rainwater Collector System,Region XIII,10,46800000.0,4680000.0,4200000.0
2027,Off-Carriageway Improvement - Secondary Roads,Region IX,2,46000000.0,23000000.0,23000000.0
2027,Rehabilitation/ Reconstruction/ Upgrading of Damaged Paved Roads - Secondary Roads,CAR,3,45980000.0,15326666.666666666,12742000.0
2027,BIP - Local Ports and Boat Landings,Region XII,2,45000000.0,22500000.0,22500000.0
2027,Off-Carriageway Improvement - Secondary Roads,NIR,1,45000000.0,45000000.0,45000000.0
2027,Construction of New Bridges,Region X,2,45000000.0,22500000.0,22500000.0
2027,Construction of New Bridges,NIR,2,44000000.0,22000000.0,22000000.0
2027,Off-Carriageway Improvement - Secondary Roads,Region III,1,44000000.0,44000000.0,44000000.0
2027,Construction/ Upgrading/ Rehabilitation of Drainage along National Roads - Secondary Roads,Region IX,2,43025000.0,21512500.0,21512500.0
2027,Rainwater Collector System,MIMAROPA,9,42600000.0,4733333.333333333,4200000.0
2027,Rainwater Collector System,Region XII,9,42600000.0,4733333.333333333,4200000.0
2027,Road Widening - Tertiary Roads,Region III,1,41654000.0,41654000.0,41654000.0
2027,Road Widening - Tertiary Roads,Region VIII,1,41042000.0,41042000.0,41042000.0
2027,Widening of Permanent Bridges,Region III,1,39900000.0,39900000.0,39900000.0
2027,Rainwater Collector System,Nationwide,1,38400000.0,38400000.0,38400000.0
2027,Construction/ Upgrading/ Rehabilitation of Drainage along National Roads - Primary Roads,Region VIII,2,37317000.0,18658500.0,18658500.0
2027,Rehabilitation/ Reconstruction/ Upgrading of Damaged Paved Roads - Primary Roads,Region XI,1,36630000.0,36630000.0,36630000.0
2027,Retrofitting/ Strengthening of Permanent Bridges,Region IV-A,3,36000000.0,12000000.0,14000000.0
2027,Road Widening - Primary Roads,Region VIII,3,35342000.0,11780666.666666666,7092000.0
2027,"Rehabilitation/ Reconstruction of Roads with Slips, Slope Collapse, and Landslide - Primary Roads",Region X,1,33250000.0,33250000.0,33250000.0
2027,Rehabilitation/ Reconstruction/ Upgrading of Damaged Paved Roads - Primary Roads,Region X,2,33048000.0,16524000.0,16524000.0
2027,Replacement of Permanent Weak Bridges,Region VI,1,30000000.0,30000000.0,30000000.0
2027,Construction of New Bridges,Region XII,1,30000000.0,30000000.0,30000000.0
2027,Rehabilitation/ Reconstruction/ Upgrading of Damaged Paved Roads - Secondary Roads,Region X,1,30000000.0,30000000.0,30000000.0
2027,BIP - Local Ports and Boat Landings,Region V,1,30000000.0,30000000.0,30000000.0
2027,Preventive Maintenance - Tertiary Roads,Region X,1,29500000.0,29500000.0,29500000.0
2027,Rehabilitation/ Major Repair of Permanent Bridges,CAR,6,29100000.0,4850000.0,4750000.0
2027,Off-Carriageway Improvement - Tertiary Roads,Region IX,3,28500000.0,9500000.0,4500000.0
2027,Construction/ Upgrading/ Rehabilitation of Drainage along National Roads - Secondary Roads,Region IV-A,2,28000000.0,14000000.0,14000000.0
2027,BIP - Local Ports and Boat Landings,Region IV-A,2,27000000.0,13500000.0,13500000.0
2027,Construction/ Upgrading/ Rehabilitation of Drainage along National Roads - Primary Roads,Region XII,2,26853000.0,13426500.0,13426500.0
2027,Rehabilitation/ Reconstruction/ Upgrading of Damaged Paved Roads - Tertiary Roads,MIMAROPA,2,25162000.0,12581000.0,12581000.0
2027,Retrofitting/ Strengthening of Permanent Bridges,Region XI,7,25000000.0,3571428.5714285714,3000000.0
2027,Replacement of Permanent Weak Bridges,NCR,1,24400000.0,24400000.0,24400000.0
2027,Rehabilitation/ Reconstruction/ Upgrading of Damaged Paved Roads - Tertiary Roads,Region IX,1,24034000.0,24034000.0,24034000.0
2027,Rehabilitation/ Reconstruction/ Upgrading of Damaged Paved Roads - Primary Roads,NCR,2,23681000.0,11840500.0,11840500.0
2027,Construction/ Upgrading/ Rehabilitation of Drainage along National Roads - Secondary Roads,NIR,2,23100000.0,11550000.0,11550000.0
2027,"Rehabilitation/ Reconstruction of Roads with Slips, Slope Collapse, and Landslide - Primary Roads",Region III,1,23053000.0,23053000.0,23053000.0
2027,"Rehabilitation/ Reconstruction of Roads with Slips, Slope Collapse, and Landslide - Tertiary Roads",Region XII,1,23000000.0,23000000.0,23000000.0
2027,Construction/ Upgrading/ Rehabilitation of Drainage along National Roads - Tertiary Roads,Region III,4,22835000.0,5708750.0,6135000.0
2027,Preventive Maintenance - Tertiary Roads,Region VIII,2,20646000.0,10323000.0,10323000.0
2027,Construction/ Upgrading/ Rehabilitation of Drainage along National Roads - Secondary Roads,Region VII,1,20000000.0,20000000.0,20000000.0
2027,Facilities for Elderlies/ Senior Citizen,Region XII,1,20000000.0,20000000.0,20000000.0
2027,Construction of New Bridges,Region II,1,20000000.0,20000000.0,20000000.0
2027,Facilities for Elderlies/ Senior Citizen,Region VIII,1,20000000.0,20000000.0,20000000.0
2027,Construction of New Bridges,Region VII,1,20000000.0,20000000.0,20000000.0
2027,Facilities for Elderlies/ Senior Citizen,Region X,1,20000000.0,20000000.0,20000000.0
2027,Facilities for Elderlies/ Senior Citizen,CAR,1,20000000.0,20000000.0,20000000.0
2027,Facilities for Elderlies/ Senior Citizen,MIMAROPA,1,20000000.0,20000000.0,20000000.0
2027,Facilities for Elderlies/ Senior Citizen,NCR,1,20000000.0,20000000.0,20000000.0
2027,Construction/ Upgrading/ Rehabilitation of Drainage along National Roads - Primary Roads,Region XIII,1,20000000.0,20000000.0,20000000.0
2027,Facilities for Elderlies/ Senior Citizen,Region VII,1,20000000.0,20000000.0,20000000.0
2027,Facilities for Elderlies/ Senior Citizen,Region IX,1,20000000.0,20000000.0,20000000.0
2027,Facilities for Elderlies/ Senior Citizen,Region II,1,20000000.0,20000000.0,20000000.0
2027,Facilities for Elderlies/ Senior Citizen,Region III,1,20000000.0,20000000.0,20000000.0
2027,Facilities for Elderlies/ Senior Citizen,Region VI,1,20000000.0,20000000.0,20000000.0
2027,Facilities for Elderlies/ Senior Citizen,NIR,1,20000000.0,20000000.0,20000000.0
2027,Rehabilitation/ Major Repair of Permanent Bridges,Region XI,4,20000000.0,5000000.0,6000000.0
2027,Facilities for Elderlies/ Senior Citizen,Region XI,1,20000000.0,20000000.0,20000000.0
2027,Facilities for Elderlies/ Senior Citizen,Region I,1,20000000.0,20000000.0,20000000.0
2027,Facilities for Elderlies/ Senior Citizen,Region XIII,1,20000000.0,20000000.0,20000000.0
2027,Facilities for Elderlies/ Senior Citizen,Region IV-A,1,20000000.0,20000000.0,20000000.0
2027,Facilities for Elderlies/ Senior Citizen,Region V,1,20000000.0,20000000.0,20000000.0
2027,Construction/ Upgrading/ Rehabilitation of Drainage along National Roads - Tertiary Roads,CAR,1,19970000.0,19970000.0,19970000.0
2027,Off-Carriageway Improvement - Secondary Roads,Region II,2,18500000.0,9250000.0,9250000.0
2027,Retrofitting/ Strengthening of Permanent Bridges,Region V,3,18106000.0,6035333.333333333,4900000.0
2027,Rehabilitation/ Reconstruction/ Upgrading of Damaged Paved Roads - Tertiary Roads,Region XIII,1,17978000.0,17978000.0,17978000.0
2027,Off-Carriageway Improvement - Primary Roads,CAR,2,17528000.0,8764000.0,8764000.0
2027,Rehabilitation/ Reconstruction/ Upgrading of Damaged Paved Roads - Secondary Roads,Region I,1,17300000.0,17300000.0,17300000.0
2027,Rehabilitation/ Reconstruction/ Upgrading of Damaged Paved Roads - Primary Roads,Region XIII,1,17173000.0,17173000.0,17173000.0
2027,BIP - Local Ports and Boat Landings,Region XIII,3,15000000.0,5000000.0,5000000.0
2027,Off-Carriageway Improvement - Primary Roads,Region XII,1,14076000.0,14076000.0,14076000.0
2027,Paving of Unpaved Roads - Secondary Roads,Region IX,2,12074000.0,6037000.0,6037000.0
2027,"Rehabilitation/ Reconstruction of Roads with Slips, Slope Collapse, and Landslide - Secondary Roads",Region VI,2,12000000.0,6000000.0,6000000.0
2027,Construction/ Upgrading/ Rehabilitation of Drainage along National Roads - Secondary Roads,Region II,1,11000000.0,11000000.0,11000000.0
2027,Construction/ Upgrading/ Rehabilitation of Drainage along National Roads - Tertiary Roads,Region I,2,10580000.0,5290000.0,5290000.0
2027,BIP - Local Ports and Boat Landings,Region I,2,10000000.0,5000000.0,5000000.0
2027,Retrofitting/ Strengthening of Permanent Bridges,CAR,1,10000000.0,10000000.0,10000000.0
2027,Construction/ Upgrading/ Rehabilitation of Drainage along National Roads - Primary Roads,Region VII,1,10000000.0,10000000.0,10000000.0
2027,"Rehabilitation/ Reconstruction of Roads with Slips, Slope Collapse, and Landslide - Tertiary Roads",Region XI,1,10000000.0,10000000.0,10000000.0
2027,Paving of Unpaved Roads - Secondary Roads,Region XI,1,9918000.0,9918000.0,9918000.0
2027,Construction/ Upgrading/ Rehabilitation of Drainage along National Roads - Tertiary Roads,Region VIII,2,8768000.0,4384000.0,4384000.0
2027,Off-Carriageway Improvement - Secondary Roads,NCR,2,7675000.0,3837500.0,3837500.0
2027,Off-Carriageway Improvement - Primary Roads,Region IV-A,1,7403000.0,7403000.0,7403000.0
2027,Construction/ Rehabilitation of Flood Mitigation Facilities within Major River Basins and Principal Rivers,NIR,1,5812000.0,5812000.0,5812000.0
2027,Gender-Responsive Facilities,Region VII,1,5000000.0,5000000.0,5000000.0
2027,Facilities for Persons with Disabilities (PWD),Region I,1,5000000.0,5000000.0,5000000.0
2027,Facilities for Persons with Disabilities (PWD),Region XIII,1,5000000.0,5000000.0,5000000.0
2027,Facilities for Persons with Disabilities (PWD),NCR,1,5000000.0,5000000.0,5000000.0
2027,Facilities for Persons with Disabilities (PWD),Region VII,1,5000000.0,5000000.0,5000000.0
2027,Gender-Responsive Facilities,Region I,1,5000000.0,5000000.0,5000000.0
2027,Facilities for Persons with Disabilities (PWD),Region IV-A,1,5000000.0,5000000.0,5000000.0
2027,Gender-Responsive Facilities,CAR,1,5000000.0,5000000.0,5000000.0
2027,Gender-Responsive Facilities,Region XI,1,5000000.0,5000000.0,5000000.0
2027,Gender-Responsive Facilities,NIR,1,5000000.0,5000000.0,5000000.0
2027,Gender-Responsive Facilities,Region VI,1,5000000.0,5000000.0,5000000.0
2027,Gender-Responsive Facilities,Region V,1,5000000.0,5000000.0,5000000.0
2027,Gender-Responsive Facilities,MIMAROPA,1,5000000.0,5000000.0,5000000.0
2027,Gender-Responsive Facilities,Region III,1,5000000.0,5000000.0,5000000.0
2027,Gender-Responsive Facilities,Region X,1,5000000.0,5000000.0,5000000.0
2027,Facilities for Persons with Disabilities (PWD),Region XII,1,5000000.0,5000000.0,5000000.0
2027,Facilities for Persons with Disabilities (PWD),Region X,1,5000000.0,5000000.0,5000000.0
2027,Facilities for Persons with Disabilities (PWD),CAR,1,5000000.0,5000000.0,5000000.0
2027,Facilities for Persons with Disabilities (PWD),Region VIII,1,5000000.0,5000000.0,5000000.0
2027,Facilities for Persons with Disabilities (PWD),MIMAROPA,1,5000000.0,5000000.0,5000000.0
2027,Gender-Responsive Facilities,NCR,1,5000000.0,5000000.0,5000000.0
2027,Paving of Unpaved Roads - Primary Roads,Region IX,1,5000000.0,5000000.0,5000000.0
2027,Facilities for Persons with Disabilities (PWD),Region II,1,5000000.0,5000000.0,5000000.0
2027,Gender-Responsive Facilities,Region XIII,1,5000000.0,5000000.0,5000000.0
2027,Gender-Responsive Facilities,Region IV-A,1,5000000.0,5000000.0,5000000.0
2027,Facilities for Persons with Disabilities (PWD),Region IX,1,5000000.0,5000000.0,5000000.0
2027,Gender-Responsive Facilities,Region VIII,1,5000000.0,5000000.0,5000000.0
2027,Gender-Responsive Facilities,Region XII,1,5000000.0,5000000.0,5000000.0
2027,Gender-Responsive Facilities,Region II,1,5000000.0,5000000.0,5000000.0
2027,Gender-Responsive Facilities,Region IX,1,5000000.0,5000000.0,5000000.0
2027,Facilities for Persons with Disabilities (PWD),Region III,1,5000000.0,5000000.0,5000000.0
2027,Facilities for Persons with Disabilities (PWD),Region VI,1,5000000.0,5000000.0,5000000.0
2027,Facilities for Persons with Disabilities (PWD),Region XI,1,5000000.0,5000000.0,5000000.0
2027,Facilities for Persons with Disabilities (PWD),NIR,1,5000000.0,5000000.0,5000000.0
2027,Facilities for Persons with Disabilities (PWD),Region V,1,5000000.0,5000000.0,5000000.0
2027,Road Widening - Tertiary Roads,Region IX,1,4772000.0,4772000.0,4772000.0
2027,Retrofitting/ Strengthening of Permanent Bridges,Region IX,1,3000000.0,3000000.0,3000000.0
2027,Rehabilitation/ Reconstruction/ Upgrading of Damaged Paved Roads - Secondary Roads,Region III,1,2857000.0,2857000.0,2857000.0
2027,Preventive Maintenance - Tertiary Roads,Region XIII,1,1618000.0,1618000.0,1618000.0
